timestamp,zone,traffic,temperature,aqi,energy,activity
2026-01-01 12:10:00,Zone_C,575,31,143,582,772
2026-01-01 12:20:00,Zone_C,422,32,140,573,636
2026-01-01 12:30:00,Zone_C,626,30,142,556,542
2026-01-01 12:40:00,Zone_C,519,31,140,436,760
2026-01-01 14:55:00,Zone_C,593,29,145,531,720
2026-01-01 19:05:00,Zone_C,1025,28,140,726,1023
2026-01-02 12:25:00,Zone_C,473,30,141,541,731
2026-01-02 13:35:00,Zone_C,507,28,144,465,588
2026-01-02 13:40:00,Zone_C,621,30,142,556,674
2026-01-03 01:20:00,Zone_E,3864,22,84,190,271
2026-01-03 13:15:00,Zone_C,433,28,144,440,456
2026-01-03 15:45:00,Zone_C,458,30,142,439,445
2026-01-04 12:40:00,Zone_C,485,32,144,381,425
2026-01-04 13:35:00,Zone_C,466,33,140,433,646
2026-01-04 21:15:00,Zone_B,70,25,54,242,2323
2026-01-05 10:40:00,Zone_B,175,22,142,220,223
2026-01-05 12:05:00,Zone_C,427,30,141,526,616
2026-01-05 13:15:00,Zone_C,459,30,140,470,705
2026-01-05 14:20:00,Zone_C,497,33,140,591,733
2026-01-05 19:25:00,Zone_C,996,29,140,661,1197
2026-01-05 20:05:00,Zone_B,2580,30,92,604,912
2026-01-05 23:50:00,Zone_A,146,24,84,235,3170
2026-01-06 13:55:00,Zone_C,439,34,144,413,506
2026-01-06 14:10:00,Zone_C,593,29,143,452,695
2026-01-06 14:15:00,Zone_C,627,31,142,533,635
2026-01-06 15:55:00,Zone_C,555,32,142,460,657
2026-01-07 02:30:00,Zone_C,233,20,72,243,3065
2026-01-07 12:00:00,Zone_C,473,30,140,569,757
2026-01-07 12:45:00,Zone_C,624,30,140,577,773
2026-01-07 12:50:00,Zone_C,531,28,142,548,514
2026-01-07 13:05:00,Zone_C,538,32,144,485,647
2026-01-07 13:25:00,Zone_C,514,33,141,514,764
2026-01-07 14:55:00,Zone_C,602,33,141,530,676
2026-01-08 02:20:00,Zone_B,206,22,74,172,2109
2026-01-08 10:05:00,Zone_C,160,21,179,191,102
2026-01-08 12:40:00,Zone_C,618,30,142,501,770
2026-01-08 13:20:00,Zone_C,420,34,144,466,793
2026-01-08 14:15:00,Zone_C,627,34,146,559,692
2026-01-08 15:50:00,Zone_C,463,33,140,486,597
2026-01-08 20:20:00,Zone_C,1030,28,140,825,1392
2026-01-09 12:10:00,Zone_C,627,32,143,535,585
2026-01-09 13:10:00,Zone_C,616,31,141,470,542
2026-01-09 13:20:00,Zone_C,464,29,142,428,533
2026-01-09 13:30:00,Zone_C,527,33,141,500,748
2026-01-09 14:30:00,Zone_C,627,32,140,431,550
2026-01-09 15:25:00,Zone_C,2724,32,103,589,739
2026-01-09 23:50:00,Zone_E,3325,24,72,197,379
2026-01-10 10:50:00,Zone_A,102,22,169,283,322
2026-01-10 13:00:00,Zone_C,347,28,140,385,410
2026-01-10 13:45:00,Zone_C,390,28,144,471,504
2026-01-10 15:05:00,Zone_C,365,29,141,413,414
2026-01-10 22:55:00,Zone_C,201,21,197,277,118
2026-01-11 02:00:00,Zone_A,113,24,62,207,3137
2026-01-11 14:10:00,Zone_C,486,34,141,521,591
2026-01-11 15:50:00,Zone_C,456,33,140,454,419
2026-01-11 15:55:00,Zone_C,397,33,142,417,487
2026-01-12 03:50:00,Zone_D,3536,25,75,262,339
2026-01-12 13:40:00,Zone_C,613,29,143,540,548
2026-01-12 15:00:00,Zone_C,498,34,142,536,723
2026-01-12 20:30:00,Zone_D,1193,27,192,643,1368
2026-01-13 12:05:00,Zone_C,548,30,142,502,674
2026-01-13 12:55:00,Zone_C,529,29,142,551,610
2026-01-13 13:30:00,Zone_C,500,33,140,566,637
2026-01-13 13:35:00,Zone_C,554,33,144,427,504
2026-01-13 13:40:00,Zone_C,618,29,145,442,591
2026-01-13 14:30:00,Zone_C,447,34,141,602,799
2026-01-13 14:35:00,Zone_C,498,32,141,554,697
2026-01-13 14:40:00,Zone_C,567,29,140,530,502
2026-01-13 15:15:00,Zone_C,527,34,141,534,696
2026-01-13 15:45:00,Zone_C,576,34,143,464,786
2026-01-13 15:50:00,Zone_C,436,33,141,420,528
2026-01-14 13:05:00,Zone_C,598,28,142,436,668
2026-01-14 13:10:00,Zone_C,483,28,140,472,724
2026-01-14 13:30:00,Zone_C,425,28,142,431,539
2026-01-14 15:50:00,Zone_C,593,31,142,517,548
2026-01-14 23:50:00,Zone_D,3822,20,67,238,147
2026-01-15 01:40:00,Zone_D,193,23,97,246,2711
2026-01-15 08:00:00,Zone_C,927,28,127,396,2779
2026-01-15 12:15:00,Zone_C,543,34,140,510,519
2026-01-15 13:55:00,Zone_C,565,29,141,515,569
2026-01-15 14:05:00,Zone_C,471,30,142,578,713
2026-01-15 14:40:00,Zone_C,495,33,142,491,636
2026-01-16 07:30:00,Zone_E,737,25,94,363,3295
2026-01-16 10:45:00,Zone_A,117,23,87,323,3438
2026-01-16 12:15:00,Zone_D,690,32,169,554,921
2026-01-16 12:55:00,Zone_C,488,30,141,479,761
2026-01-16 14:30:00,Zone_C,458,33,141,556,530
2026-01-16 17:00:00,Zone_C,991,29,140,656,1146
2026-01-16 20:05:00,Zone_C,1024,27,140,650,1272
2026-01-17 14:15:00,Zone_C,396,30,144,460,493
2026-01-17 14:25:00,Zone_C,392,32,144,389,591
2026-01-17 15:45:00,Zone_C,412,28,141,517,619
2026-01-17 22:50:00,Zone_E,137,25,55,229,2260
2026-01-18 08:45:00,Zone_D,914,23,164,507,1037
2026-01-18 12:55:00,Zone_C,483,31,142,448,467
2026-01-18 15:10:00,Zone_C,413,28,144,420,494
2026-01-18 15:55:00,Zone_D,506,28,126,393,2125
2026-01-19 00:50:00,Zone_C,166,23,156,200,385
2026-01-19 09:50:00,Zone_C,848,24,200,575,1022
2026-01-19 12:20:00,Zone_C,610,34,143,425,573
2026-01-19 14:45:00,Zone_C,544,31,141,539,765
2026-01-19 15:25:00,Zone_C,598,28,140,487,720
2026-01-20 11:10:00,Zone_D,2779,23,80,198,230
2026-01-20 12:25:00,Zone_C,493,28,141,540,768
2026-01-20 12:40:00,Zone_C,626,33,142,545,602
2026-01-20 12:55:00,Zone_C,525,29,144,498,528
2026-01-20 13:55:00,Zone_C,560,29,142,465,579
2026-01-20 14:00:00,Zone_C,571,34,141,539,762
2026-01-20 14:45:00,Zone_C,490,29,144,430,620
2026-01-20 15:05:00,Zone_C,526,33,144,518,668
2026-01-20 15:45:00,Zone_C,612,32,142,443,552
2026-01-20 15:55:00,Zone_C,561,30,141,496,512
2026-01-20 19:00:00,Zone_C,1013,27,140,744,1031
2026-01-21 13:30:00,Zone_C,509,30,141,421,629
2026-01-22 05:30:00,Zone_B,253,20,61,176,2350
2026-01-22 12:25:00,Zone_C,530,28,142,506,525
2026-01-22 12:40:00,Zone_C,579,31,142,545,504
2026-01-22 13:00:00,Zone_C,563,31,143,563,662
2026-01-22 13:45:00,Zone_C,614,30,140,443,551
2026-01-22 13:55:00,Zone_C,506,31,144,486,717
2026-01-22 15:10:00,Zone_C,470,32,141,432,730
2026-01-23 12:05:00,Zone_C,592,30,143,544,558
2026-01-23 12:45:00,Zone_C,539,28,144,495,775
2026-01-23 14:00:00,Zone_C,425,31,140,545,661
2026-01-23 15:20:00,Zone_C,592,33,143,563,791
2026-01-23 15:50:00,Zone_A,648,34,144,442,796
2026-01-24 05:35:00,Zone_B,3402,25,54,219,99
2026-01-24 12:15:00,Zone_C,403,34,140,462,420
2026-01-24 12:35:00,Zone_C,419,33,141,513,636
2026-01-24 13:30:00,Zone_C,435,29,140,430,466
2026-01-24 14:50:00,Zone_C,468,29,142,407,463
2026-01-24 14:55:00,Zone_C,419,28,142,412,416
2026-01-25 09:10:00,Zone_D,3353,26,97,479,949
2026-01-25 13:05:00,Zone_C,458,29,140,436,501
2026-01-25 13:35:00,Zone_C,427,32,140,478,496
2026-01-25 13:45:00,Zone_C,421,31,142,459,582
2026-01-25 14:20:00,Zone_C,378,34,141,382,468
2026-01-25 15:05:00,Zone_C,479,34,141,429,496
2026-01-25 22:45:00,Zone_A,3549,25,75,190,265
2026-01-26 05:30:00,Zone_B,115,23,48,164,2911
2026-01-26 11:50:00,Zone_B,240,24,179,270,180
2026-01-26 12:10:00,Zone_C,504,28,142,581,777
2026-01-26 12:15:00,Zone_C,613,33,140,458,762
2026-01-26 12:55:00,Zone_D,3485,33,132,510,904
2026-01-26 13:50:00,Zone_C,433,33,142,507,653
2026-01-27 12:30:00,Zone_C,444,30,144,546,614
2026-01-27 14:00:00,Zone_C,442,33,141,443,722
2026-01-27 14:10:00,Zone_C,519,29,160,435,535
2026-01-27 14:40:00,Zone_C,561,31,141,579,705
2026-01-27 14:55:00,Zone_C,483,32,144,491,763
2026-01-27 18:15:00,Zone_A,3665,27,97,746,1417
2026-01-27 21:55:00,Zone_A,129,22,84,254,2023
2026-01-28 06:25:00,Zone_A,3108,21,77,257,196
2026-01-28 09:40:00,Zone_B,757,28,86,402,2033
2026-01-28 12:20:00,Zone_C,435,31,142,568,579
2026-01-28 12:45:00,Zone_C,584,32,145,504,632
2026-01-28 13:10:00,Zone_C,464,32,141,446,590
2026-01-28 15:10:00,Zone_C,445,32,144,546,732
2026-01-28 19:40:00,Zone_C,984,30,140,684,1333
2026-01-29 05:30:00,Zone_B,204,21,159,222,153
2026-01-29 13:45:00,Zone_C,596,31,143,566,642
2026-01-29 13:50:00,Zone_C,569,28,142,498,618
2026-01-29 14:55:00,Zone_C,472,29,142,560,503
2026-01-30 12:00:00,Zone_C,525,31,140,543,661
2026-01-30 12:05:00,Zone_C,579,32,142,420,602
2026-01-30 12:15:00,Zone_C,507,32,144,512,662
2026-01-30 13:10:00,Zone_C,519,32,142,518,547
2026-01-30 13:35:00,Zone_C,444,34,144,554,770
2026-01-30 13:45:00,Zone_C,619,29,141,494,779
2026-01-30 15:00:00,Zone_C,627,28,141,512,513
2026-01-30 15:40:00,Zone_C,607,32,141,437,501
2026-01-31 13:55:00,Zone_C,357,29,140,425,476
2026-01-31 14:10:00,Zone_C,364,31,141,517,601
2026-01-31 15:00:00,Zone_A,446,34,165,382,615
2026-02-01 13:15:00,Zone_C,488,32,140,405,425
2026-02-01 13:35:00,Zone_C,399,31,142,495,478
2026-02-01 14:05:00,Zone_C,513,32,142,404,496
2026-02-01 14:25:00,Zone_C,425,33,142,394,615
2026-02-02 03:35:00,Zone_E,195,24,57,221,3000
2026-02-02 12:20:00,Zone_C,624,34,141,427,590
2026-02-02 12:25:00,Zone_C,489,32,141,509,547
2026-02-02 13:50:00,Zone_C,551,35,142,560,600
2026-02-02 15:50:00,Zone_C,438,30,144,468,695
2026-02-02 18:15:00,Zone_C,1039,28,140,743,1233
2026-02-03 06:55:00,Zone_D,365,22,89,278,2938
2026-02-03 14:15:00,Zone_C,620,31,141,484,652
2026-02-03 15:20:00,Zone_C,575,32,145,523,552
2026-02-03 15:50:00,Zone_C,626,35,146,494,588
2026-02-04 05:00:00,Zone_D,2876,24,94,238,132
2026-02-04 12:20:00,Zone_C,424,35,140,577,703
2026-02-04 13:35:00,Zone_C,555,32,142,425,510
2026-02-04 14:30:00,Zone_C,529,33,141,456,518
2026-02-04 14:40:00,Zone_C,465,35,144,578,671
2026-02-04 15:45:00,Zone_C,603,34,140,562,687
2026-02-05 00:00:00,Zone_B,173,25,72,276,3334
2026-02-05 12:20:00,Zone_C,488,33,141,471,505
2026-02-05 12:45:00,Zone_C,559,35,142,545,526
2026-02-05 15:55:00,Zone_C,455,30,144,519,553
2026-02-05 20:05:00,Zone_C,1030,31,140,691,914
2026-02-06 08:25:00,Zone_C,3852,29,113,589,1122
2026-02-06 15:55:00,Zone_C,598,29,143,547,597
2026-02-07 03:05:00,Zone_D,297,24,82,218,3299
2026-02-07 09:25:00,Zone_E,630,27,91,439,3109
2026-02-07 12:40:00,Zone_C,365,30,142,381,475
2026-02-07 13:30:00,Zone_C,390,34,144,467,606
2026-02-07 13:55:00,Zone_C,450,33,140,432,476
2026-02-07 15:35:00,Zone_C,489,29,140,514,519
2026-02-08 03:45:00,Zone_D,284,21,161,226,102
2026-02-08 12:25:00,Zone_C,452,33,141,476,528
2026-02-08 12:35:00,Zone_C,396,33,142,475,616
2026-02-08 13:20:00,Zone_C,381,31,142,389,591
2026-02-08 13:25:00,Zone_C,465,29,140,453,527
2026-02-08 13:50:00,Zone_C,466,29,144,398,548
2026-02-08 13:55:00,Zone_C,490,29,144,391,454
2026-02-08 14:50:00,Zone_B,377,33,74,407,2404
2026-02-08 21:35:00,Zone_E,3209,25,74,264,312
2026-02-08 23:20:00,Zone_A,198,23,171,217,159
2026-02-09 11:40:00,Zone_C,117,22,155,247,185
2026-02-09 12:25:00,Zone_C,574,30,140,457,671
2026-02-09 12:35:00,Zone_C,515,31,141,473,680
2026-02-09 13:00:00,Zone_C,607,31,143,500,745
2026-02-09 13:10:00,Zone_C,572,30,143,580,708
2026-02-09 14:25:00,Zone_C,458,32,141,561,709
2026-02-09 15:15:00,Zone_C,584,33,141,551,570
2026-02-09 19:45:00,Zone_E,826,29,140,690,1293
2026-02-10 03:25:00,Zone_B,3324,21,76,204,92
2026-02-10 13:05:00,Zone_C,423,33,142,525,600
2026-02-10 13:35:00,Zone_C,476,33,142,440,533
2026-02-10 14:25:00,Zone_C,613,30,141,585,758
2026-02-10 14:35:00,Zone_C,552,31,144,565,693
2026-02-10 14:55:00,Zone_C,499,34,141,464,602
2026-02-10 15:55:00,Zone_C,586,31,140,442,595
2026-02-10 17:25:00,Zone_C,1009,27,140,596,1035
2026-02-11 00:30:00,Zone_A,242,25,52,198,2261
2026-02-11 07:35:00,Zone_C,942,29,190,431,819
2026-02-11 09:25:00,Zone_D,1077,26,196,558,1114
2026-02-11 12:20:00,Zone_C,530,29,142,553,618
2026-02-11 13:10:00,Zone_C,551,33,140,466,593
2026-02-11 13:45:00,Zone_C,601,32,140,541,637
2026-02-11 15:25:00,Zone_C,478,34,141,548,557
2026-02-12 12:55:00,Zone_C,422,31,140,530,508
2026-02-12 14:10:00,Zone_C,480,29,140,553,698
2026-02-12 14:25:00,Zone_C,477,35,142,479,683
2026-02-12 14:45:00,Zone_C,599,34,140,529,718
2026-02-12 15:10:00,Zone_C,581,31,140,429,676
2026-02-12 15:30:00,Zone_C,617,31,145,428,648
2026-02-12 23:15:00,Zone_D,3512,22,69,291,258
2026-02-13 12:30:00,Zone_C,562,31,140,461,695
2026-02-13 12:55:00,Zone_C,578,35,141,509,768
2026-02-13 13:10:00,Zone_C,561,34,140,465,540
2026-02-13 13:55:00,Zone_C,430,35,142,503,722
2026-02-13 14:45:00,Zone_C,602,31,141,507,512
2026-02-13 15:45:00,Zone_C,626,33,143,553,709
2026-02-13 15:55:00,Zone_C,441,30,144,433,744
2026-02-13 20:05:00,Zone_C,1011,28,140,631,1078
2026-02-14 12:20:00,Zone_C,408,31,144,409,518
2026-02-14 12:25:00,Zone_C,423,29,140,435,554
2026-02-14 13:25:00,Zone_C,415,30,142,464,653
2026-02-14 13:55:00,Zone_C,427,32,144,414,541
2026-02-14 14:05:00,Zone_C,390,29,140,391,619
2026-02-14 14:10:00,Zone_C,433,29,144,505,502
2026-02-14 15:50:00,Zone_C,421,29,142,414,502
2026-02-15 11:10:00,Zone_B,2776,22,71,146,112
2026-02-15 12:10:00,Zone_C,510,34,144,528,646
2026-02-15 12:45:00,Zone_C,483,33,144,470,641
2026-02-15 12:55:00,Zone_C,394,31,144,406,460
2026-02-15 13:45:00,Zone_C,466,33,141,431,650
2026-02-15 14:20:00,Zone_C,392,32,142,473,582
2026-02-15 14:35:00,Zone_C,385,32,144,401,624
2026-02-16 02:25:00,Zone_A,3889,26,66,274,110
2026-02-16 12:45:00,Zone_C,537,31,142,499,606
2026-02-16 13:15:00,Zone_B,345,30,68,388,2510
2026-02-16 13:40:00,Zone_C,473,30,142,536,754
2026-02-16 15:05:00,Zone_C,615,29,141,525,761
2026-02-16 20:40:00,Zone_C,992,27,140,724,922
2026-02-17 01:35:00,Zone_B,175,24,156,201,154
2026-02-17 12:50:00,Zone_C,584,32,145,562,624
2026-02-17 13:35:00,Zone_C,539,35,141,520,649
2026-02-17 17:45:00,Zone_A,1116,27,106,633,2449
2026-02-18 13:10:00,Zone_C,562,29,140,546,681
2026-02-18 13:25:00,Zone_C,455,35,140,552,532
2026-02-18 13:30:00,Zone_C,602,29,140,549,681
2026-02-18 15:10:00,Zone_C,594,35,140,552,605
2026-02-18 18:50:00,Zone_D,1227,31,104,805,3217
2026-02-19 01:00:00,Zone_D,197,21,62,339,3153
2026-02-19 12:30:00,Zone_C,561,30,142,425,634
2026-02-19 13:55:00,Zone_C,450,31,142,454,706
2026-02-19 14:15:00,Zone_C,445,34,140,545,589
2026-02-19 14:35:00,Zone_C,500,34,140,538,734
2026-02-19 15:35:00,Zone_C,585,31,140,478,561
2026-02-19 15:40:00,Zone_C,525,30,144,454,777
2026-02-20 12:05:00,Zone_C,561,30,145,443,721
2026-02-20 13:20:00,Zone_C,483,33,142,507,504
2026-02-20 14:40:00,Zone_C,521,35,140,470,596
2026-02-20 15:05:00,Zone_C,582,32,141,542,724
2026-02-20 15:35:00,Zone_C,2856,31,110,484,761
2026-02-20 17:55:00,Zone_C,1039,30,140,666,1249
2026-02-21 10:50:00,Zone_A,3526,25,87,164,97
2026-02-21 12:30:00,Zone_C,434,31,142,418,501
2026-02-21 13:10:00,Zone_C,464,33,144,432,422
2026-02-21 14:45:00,Zone_C,458,35,142,375,453
2026-02-21 14:55:00,Zone_C,456,29,144,400,599
2026-02-22 11:20:00,Zone_B,155,24,74,173,2948
2026-02-22 14:30:00,Zone_C,478,29,142,498,473
2026-02-22 15:15:00,Zone_C,442,30,141,474,440
2026-02-23 01:30:00,Zone_B,2836,21,78,243,134
2026-02-23 12:45:00,Zone_C,532,33,144,489,504
2026-02-23 13:10:00,Zone_C,527,34,141,553,786
2026-02-23 15:50:00,Zone_C,428,29,140,527,592
2026-02-24 03:25:00,Zone_B,118,26,157,293,360
2026-02-24 12:05:00,Zone_C,536,29,141,538,637
2026-02-24 12:40:00,Zone_C,542,35,140,488,786
2026-02-24 13:40:00,Zone_C,460,32,141,523,567
2026-02-24 13:50:00,Zone_C,583,30,145,470,2250
2026-02-24 14:10:00,Zone_C,448,34,141,449,589
2026-02-24 20:35:00,Zone_C,1027,28,140,677,1185
2026-02-25 05:35:00,Zone_D,138,22,72,213,3232
2026-02-25 12:05:00,Zone_C,598,33,143,504,623
2026-02-25 12:10:00,Zone_C,444,29,141,447,529
2026-02-25 12:45:00,Zone_C,423,29,141,514,582
2026-02-25 12:55:00,Zone_C,616,31,141,563,795
2026-02-25 13:25:00,Zone_C,550,35,141,553,701
2026-02-25 13:30:00,Zone_E,2922,32,119,476,543
2026-02-25 15:05:00,Zone_C,490,32,144,588,710
2026-02-25 15:10:00,Zone_C,549,31,144,557,669
2026-02-25 15:55:00,Zone_C,613,29,142,477,543
2026-02-25 17:45:00,Zone_B,736,26,182,490,913
2026-02-25 19:30:00,Zone_A,3106,30,110,731,1430
2026-02-25 20:00:00,Zone_C,1035,26,140,709,944
2026-02-26 13:00:00,Zone_C,620,35,142,415,515
2026-02-26 13:45:00,Zone_C,553,35,144,450,777
2026-02-26 13:50:00,Zone_C,487,30,144,430,528
2026-02-26 14:20:00,Zone_C,451,32,140,484,723
2026-02-26 14:20:00,Zone_D,505,30,176,555,808
2026-02-26 21:55:00,Zone_E,2626,26,53,261,294
2026-02-27 04:00:00,Zone_D,3526,21,80,284,346
2026-02-27 09:05:00,Zone_E,2626,25,76,468,1130
2026-02-27 12:40:00,Zone_C,457,30,141,475,591
2026-02-27 13:05:00,Zone_C,599,32,141,528,507
2026-02-28 13:15:00,Zone_C,475,34,144,388,594
2026-02-28 13:40:00,Zone_C,485,29,141,472,529
2026-02-28 14:10:00,Zone_C,376,32,142,393,595
2026-02-28 14:30:00,Zone_C,362,29,140,509,624
2026-02-28 14:40:00,Zone_C,427,29,141,509,469
2026-02-28 15:05:00,Zone_C,429,34,141,441,563
2026-03-01 12:05:00,Zone_C,408,32,141,475,574
2026-03-01 13:05:00,Zone_C,426,32,142,417,415
2026-03-01 14:30:00,Zone_C,408,33,140,394,492
2026-03-01 15:45:00,Zone_C,415,30,141,431,614
2026-03-02 12:15:00,Zone_C,446,35,144,452,673
2026-03-02 12:45:00,Zone_C,537,33,142,570,649
2026-03-02 14:40:00,Zone_C,613,30,142,489,648
2026-03-02 15:55:00,Zone_C,615,36,143,505,648
2026-03-03 12:20:00,Zone_C,497,32,142,496,584
2026-03-03 14:00:00,Zone_C,480,31,140,534,799
2026-03-03 14:05:00,Zone_C,533,30,141,455,523
2026-03-03 14:45:00,Zone_C,469,31,144,532,551
2026-03-04 02:00:00,Zone_A,178,26,67,195,2979
2026-03-04 11:20:00,Zone_D,2736,27,82,211,290
2026-03-04 12:10:00,Zone_C,620,31,142,486,735
2026-03-04 15:05:00,Zone_C,582,33,145,477,592
2026-03-04 20:40:00,Zone_C,1037,28,140,729,1185
2026-03-05 04:05:00,Zone_E,2908,25,88,258,264
2026-03-05 12:40:00,Zone_C,599,36,143,560,549
2026-03-05 12:55:00,Zone_C,458,30,140,457,670
2026-03-05 13:00:00,Zone_C,595,35,143,528,641
2026-03-05 13:30:00,Zone_C,601,31,141,539,786
2026-03-05 13:45:00,Zone_B,3943,30,96,414,466
2026-03-05 15:30:00,Zone_C,595,35,143,573,722
2026-03-05 15:55:00,Zone_C,499,31,141,447,687
2026-03-05 23:50:00,Zone_E,2797,24,59,212,217
2026-03-06 09:35:00,Zone_E,3041,25,103,387,979
2026-03-06 12:00:00,Zone_C,574,36,140,586,752
2026-03-06 12:15:00,Zone_C,571,36,142,491,768
2026-03-06 12:50:00,Zone_C,494,30,160,568,683
2026-03-06 13:10:00,Zone_C,539,31,144,502,730
2026-03-06 13:25:00,Zone_C,496,35,144,482,699
2026-03-06 13:30:00,Zone_C,615,35,142,505,744
2026-03-06 13:55:00,Zone_C,488,35,144,523,701
2026-03-06 14:25:00,Zone_C,488,33,141,438,768
2026-03-06 15:10:00,Zone_C,529,31,142,562,765
2026-03-06 18:55:00,Zone_C,1038,30,140,762,1042
2026-03-07 11:05:00,Zone_E,210,24,79,184,2405
2026-03-07 12:15:00,Zone_C,496,35,144,409,433
2026-03-07 12:20:00,Zone_C,425,36,144,416,493
2026-03-07 12:25:00,Zone_C,350,34,142,429,607
2026-03-07 14:45:00,Zone_C,444,34,144,420,458
2026-03-08 04:00:00,Zone_E,2562,27,56,233,119
2026-03-08 07:05:00,Zone_C,771,28,161,369,889
2026-03-08 12:05:00,Zone_C,439,35,116,423,2371
2026-03-08 13:25:00,Zone_C,368,36,142,490,548
2026-03-08 14:05:00,Zone_C,408,31,140,470,560
2026-03-08 14:10:00,Zone_C,466,31,144,441,461
2026-03-08 15:05:00,Zone_C,423,35,141,497,642
2026-03-09 07:50:00,Zone_B,664,25,144,364,1017
2026-03-09 13:35:00,Zone_A,645,35,90,485,3442
2026-03-09 14:05:00,Zone_C,610,32,145,500,734
2026-03-09 15:45:00,Zone_C,570,33,142,542,776
2026-03-10 05:10:00,Zone_D,156,27,66,293,2745
2026-03-10 13:10:00,Zone_C,630,36,141,480,673
2026-03-10 13:30:00,Zone_C,525,33,144,422,595
2026-03-10 14:20:00,Zone_C,564,31,145,545,783
2026-03-11 13:00:00,Zone_C,451,31,140,586,714
2026-03-11 13:45:00,Zone_C,623,35,146,604,798
2026-03-11 14:05:00,Zone_C,572,35,141,463,553
2026-03-11 15:55:00,Zone_C,598,30,140,487,724
2026-03-11 17:05:00,Zone_C,1011,31,140,720,1387
2026-03-11 21:20:00,Zone_D,316,25,148,299,266
2026-03-11 23:35:00,Zone_A,2558,27,57,310,323
2026-03-12 12:35:00,Zone_C,550,30,142,499,756
2026-03-12 13:20:00,Zone_C,437,36,144,537,627
2026-03-13 13:55:00,Zone_C,501,36,144,485,566
2026-03-14 08:30:00,Zone_D,806,25,200,379,1064
2026-03-14 12:35:00,Zone_C,439,35,142,462,448
2026-03-14 13:05:00,Zone_C,516,33,144,377,435
2026-03-14 13:20:00,Zone_C,379,32,142,510,530
2026-03-14 13:40:00,Zone_B,3532,33,79,407,531
2026-03-15 03:15:00,Zone_E,208,22,85,207,2823
2026-03-15 12:45:00,Zone_C,344,33,140,371,411
2026-03-15 14:40:00,Zone_C,402,35,141,499,581
2026-03-16 12:10:00,Zone_C,491,34,142,504,694
2026-03-16 13:05:00,Zone_C,459,31,144,478,729
2026-03-16 13:55:00,Zone_C,449,33,144,479,781
2026-03-16 14:15:00,Zone_D,3400,31,107,511,654
2026-03-16 14:25:00,Zone_C,593,31,145,494,518
2026-03-16 14:30:00,Zone_C,466,36,140,457,659
2026-03-16 15:10:00,Zone_C,451,36,141,561,746
2026-03-17 12:20:00,Zone_C,538,34,140,473,739
2026-03-17 12:40:00,Zone_C,568,35,143,496,798
2026-03-17 14:40:00,Zone_C,425,34,144,452,617
2026-03-17 14:45:00,Zone_C,474,30,142,518,581
2026-03-17 14:50:00,Zone_C,464,36,140,599,761
2026-03-17 20:00:00,Zone_D,1155,27,156,781,1261
2026-03-18 12:10:00,Zone_C,463,35,144,459,604
2026-03-18 14:10:00,Zone_C,581,32,140,551,774
2026-03-18 14:45:00,Zone_C,443,32,144,551,671
2026-03-18 15:20:00,Zone_C,518,31,141,483,670
2026-03-18 22:00:00,Zone_C,176,23,68,242,2415
2026-03-19 00:25:00,Zone_D,3926,24,96,214,404
2026-03-19 09:05:00,Zone_D,3259,27,119,447,1141
2026-03-19 09:45:00,Zone_B,699,30,199,328,726
2026-03-19 12:25:00,Zone_C,466,34,141,496,586
2026-03-19 13:35:00,Zone_C,572,34,142,477,610
2026-03-19 14:15:00,Zone_C,508,31,140,442,771
2026-03-19 14:30:00,Zone_C,523,32,140,461,749
2026-03-19 14:45:00,Zone_C,459,31,144,548,638
2026-03-19 18:00:00,Zone_B,2760,27,96,694,1037
2026-03-20 12:50:00,Zone_C,486,31,140,544,636
2026-03-20 12:55:00,Zone_C,527,32,142,550,588
2026-03-20 13:55:00,Zone_C,577,35,141,487,700
2026-03-20 15:05:00,Zone_C,466,32,142,506,537
2026-03-20 15:45:00,Zone_C,601,31,143,561,627
2026-03-20 17:05:00,Zone_C,1044,31,141,661,935
2026-03-20 20:45:00,Zone_C,996,28,140,742,1211
2026-03-21 00:40:00,Zone_A,227,26,86,284,2991
2026-03-21 12:05:00,Zone_C,458,32,144,426,551
2026-03-21 13:10:00,Zone_C,486,32,140,528,603
2026-03-21 13:25:00,Zone_C,451,32,142,489,606
2026-03-21 13:45:00,Zone_C,413,33,141,483,611
2026-03-21 14:20:00,Zone_C,485,33,144,407,554
2026-03-21 19:55:00,Zone_D,1001,32,100,635,2761
2026-03-22 12:00:00,Zone_C,441,33,141,452,544
2026-03-22 12:25:00,Zone_C,503,33,144,529,656
2026-03-22 12:35:00,Zone_C,389,36,140,428,551
2026-03-22 18:05:00,Zone_C,846,27,152,755,1111
2026-03-23 10:40:00,Zone_B,169,25,200,231,225
2026-03-23 12:45:00,Zone_C,611,35,141,532,610
2026-03-23 14:35:00,Zone_C,528,31,144,535,742
2026-03-23 15:00:00,Zone_C,610,32,141,535,800
2026-03-23 15:50:00,Zone_C,593,34,141,423,586
2026-03-24 00:05:00,Zone_E,111,26,53,280,2194
2026-03-24 09:30:00,Zone_D,1003,25,182,585,1171
2026-03-24 12:55:00,Zone_C,605,32,142,459,600
2026-03-24 14:05:00,Zone_C,441,36,142,515,753
2026-03-24 14:30:00,Zone_C,535,34,140,443,724
2026-03-24 15:10:00,Zone_C,526,35,123,548,2816
2026-03-24 15:15:00,Zone_C,609,34,143,464,755
2026-03-25 12:45:00,Zone_C,627,33,144,535,680
2026-03-25 13:45:00,Zone_C,507,32,140,439,660
2026-03-25 13:55:00,Zone_C,528,35,142,495,776
2026-03-25 14:10:00,Zone_C,493,35,140,468,773
2026-03-25 16:55:00,Zone_A,2831,22,66,200,316
2026-03-25 18:35:00,Zone_B,697,29,187,521,964
2026-03-26 14:10:00,Zone_C,553,30,140,541,579
2026-03-27 00:30:00,Zone_E,2779,23,86,230,290
2026-03-27 03:00:00,Zone_E,139,25,74,253,2268
2026-03-27 05:00:00,Zone_A,227,22,174,207,261
2026-03-27 12:20:00,Zone_C,626,33,140,490,689
2026-03-27 15:40:00,Zone_C,606,35,140,545,593
2026-03-28 03:30:00,Zone_B,117,27,193,166,246
2026-03-28 12:35:00,Zone_C,441,30,144,486,420
2026-03-28 14:45:00,Zone_C,493,35,140,467,569
2026-03-28 15:25:00,Zone_C,421,34,142,373,441
2026-03-28 15:35:00,Zone_C,391,31,144,518,534
2026-03-28 15:40:00,Zone_C,394,33,140,516,569
2026-03-28 17:40:00,Zone_E,624,30,88,535,3021
2026-03-28 18:05:00,Zone_E,3852,27,101,575,867
2026-03-29 12:30:00,Zone_C,428,35,140,509,495
2026-03-29 13:05:00,Zone_C,401,34,140,527,616
2026-03-29 13:15:00,Zone_C,372,35,142,426,545
2026-03-29 14:00:00,Zone_E,419,35,180,369,567
2026-03-29 14:25:00,Zone_C,438,30,144,504,649
2026-03-29 14:45:00,Zone_C,371,31,144,403,563
2026-03-30 13:20:00,Zone_C,571,32,140,551,529
2026-03-30 13:25:00,Zone_C,465,34,144,437,549
2026-03-30 14:20:00,Zone_C,522,32,142,439,651
2026-03-30 14:50:00,Zone_C,421,31,141,479,574
2026-03-31 12:10:00,Zone_C,584,36,140,472,533
2026-03-31 14:30:00,Zone_C,612,33,145,447,694
2026-03-31 14:50:00,Zone_C,605,34,143,441,776
2026-03-31 17:20:00,Zone_E,3976,28,103,712,965
2026-04-01 05:20:00,Zone_C,116,27,153,232,376
2026-04-01 07:45:00,Zone_E,738,31,180,425,927
2026-04-01 12:15:00,Zone_C,568,33,142,524,578
2026-04-01 12:40:00,Zone_C,568,34,142,475,719
2026-04-01 14:30:00,Zone_C,569,36,145,431,583
2026-04-01 14:35:00,Zone_C,487,33,141,554,614
2026-04-01 15:50:00,Zone_C,573,35,141,506,629
2026-04-01 19:20:00,Zone_B,2513,32,90,589,1045
2026-04-02 04:55:00,Zone_E,221,23,80,176,3220
2026-04-02 14:20:00,Zone_C,439,34,140,485,665
2026-04-02 15:50:00,Zone_C,571,33,143,572,716
2026-04-03 18:05:00,Zone_C,1004,32,140,752,1213
2026-04-03 18:35:00,Zone_C,3176,30,123,746,1131
2026-04-04 01:15:00,Zone_D,179,24,143,230,262
2026-04-04 12:05:00,Zone_C,480,35,140,444,612
2026-04-04 15:50:00,Zone_C,469,36,142,459,410
2026-04-04 22:20:00,Zone_D,219,23,55,187,3277
2026-04-05 10:45:00,Zone_B,151,24,52,174,2156
2026-04-05 12:20:00,Zone_C,515,37,144,381,552
2026-04-05 12:40:00,Zone_C,479,31,140,472,577
2026-04-05 12:40:00,Zone_E,438,31,98,355,3325
2026-04-05 13:30:00,Zone_C,433,33,144,380,481
2026-04-05 14:40:00,Zone_C,348,36,142,500,497
2026-04-05 15:35:00,Zone_C,441,31,141,489,469
2026-04-05 15:40:00,Zone_C,448,34,144,425,630
2026-04-06 12:25:00,Zone_C,520,31,141,464,610
2026-04-06 12:35:00,Zone_C,492,37,144,453,661
2026-04-06 15:30:00,Zone_C,630,34,140,560,779
2026-04-06 15:35:00,Zone_C,451,35,141,439,632
2026-04-06 20:50:00,Zone_C,982,33,140,740,911
2026-04-07 12:25:00,Zone_C,586,33,145,548,541
2026-04-07 13:35:00,Zone_C,577,36,141,498,677
2026-04-07 13:45:00,Zone_C,462,33,141,522,526
2026-04-07 15:00:00,Zone_C,493,32,141,442,535
2026-04-07 15:40:00,Zone_C,607,33,141,590,798
2026-04-07 17:40:00,Zone_C,3568,32,133,655,1050
2026-04-07 21:20:00,Zone_B,215,23,63,225,2198
2026-04-08 12:25:00,Zone_C,563,31,142,549,622
2026-04-08 15:20:00,Zone_C,469,34,142,450,788
2026-04-08 20:40:00,Zone_C,987,29,140,741,1002
2026-04-09 00:10:00,Zone_A,2839,28,60,179,127
2026-04-09 10:00:00,Zone_E,105,25,146,281,396
2026-04-09 11:05:00,Zone_C,2595,28,73,188,201
2026-04-09 12:00:00,Zone_C,590,34,140,539,673
2026-04-09 12:30:00,Zone_C,430,31,140,580,710
2026-04-09 12:55:00,Zone_C,596,32,143,574,657
2026-04-09 14:00:00,Zone_C,537,35,144,443,586
2026-04-09 15:30:00,Zone_C,451,37,144,479,764
2026-04-09 17:50:00,Zone_C,990,28,140,639,983
2026-04-09 18:05:00,Zone_D,1133,33,192,773,1172
2026-04-09 19:30:00,Zone_B,824,31,170,536,1218
2026-04-09 19:35:00,Zone_C,983,32,140,841,1266
2026-04-09 20:30:00,Zone_C,1012,30,140,657,1057
2026-04-09 23:50:00,Zone_E,221,26,165,301,327
2026-04-10 12:10:00,Zone_C,610,31,145,439,729
2026-04-10 12:35:00,Zone_C,478,32,142,459,677
2026-04-10 13:45:00,Zone_C,611,32,142,542,596
2026-04-10 14:50:00,Zone_C,500,35,142,453,698
2026-04-10 15:10:00,Zone_C,567,36,140,499,608
2026-04-10 19:20:00,Zone_C,2805,31,102,741,1385
2026-04-10 19:45:00,Zone_C,994,31,140,729,1084
2026-04-10 20:55:00,Zone_D,1018,32,120,791,2261
2026-04-11 13:40:00,Zone_C,348,33,142,430,546
2026-04-11 14:25:00,Zone_C,468,33,140,403,542
2026-04-11 14:35:00,Zone_C,432,31,141,508,625
2026-04-11 14:40:00,Zone_C,507,34,144,498,505
2026-04-11 14:50:00,Zone_C,423,37,140,419,482
2026-04-11 15:45:00,Zone_C,500,36,144,434,517
2026-04-11 15:55:00,Zone_C,368,36,144,470,460
2026-04-12 01:50:00,Zone_B,90,25,53,170,2662
2026-04-12 05:05:00,Zone_D,3061,25,99,223,314
2026-04-12 13:35:00,Zone_C,483,34,140,487,568
2026-04-12 14:30:00,Zone_D,2938,36,122,420,684
2026-04-12 15:20:00,Zone_C,445,36,141,508,632
2026-04-13 00:45:00,Zone_D,260,25,60,243,2133
2026-04-13 12:00:00,Zone_C,612,35,145,438,727
2026-04-13 12:35:00,Zone_C,467,35,142,447,591
2026-04-13 13:25:00,Zone_C,588,35,142,443,688
2026-04-13 14:30:00,Zone_C,520,34,141,421,589
2026-04-13 14:40:00,Zone_C,504,31,140,566,588
2026-04-13 14:45:00,Zone_C,621,33,140,448,738
2026-04-13 14:50:00,Zone_C,594,37,143,450,716
2026-04-14 12:15:00,Zone_C,435,34,141,443,545
2026-04-14 14:50:00,Zone_C,601,37,143,468,787
2026-04-15 04:20:00,Zone_E,190,25,193,261,111
2026-04-15 12:45:00,Zone_C,509,36,142,505,671
2026-04-15 18:35:00,Zone_C,1019,29,140,646,1001
2026-04-15 23:40:00,Zone_C,163,26,105,206,3282
2026-04-16 07:40:00,Zone_B,646,28,190,472,1051
2026-04-16 12:00:00,Zone_C,519,37,141,432,705
2026-04-16 12:20:00,Zone_C,622,37,140,425,564
2026-04-16 15:00:00,Zone_C,570,35,140,450,587
2026-04-16 17:10:00,Zone_D,1031,32,85,642,3425
2026-04-17 13:00:00,Zone_C,604,35,143,417,539
2026-04-17 13:25:00,Zone_C,624,34,140,441,795
2026-04-17 15:15:00,Zone_C,565,36,141,543,677
2026-04-17 15:20:00,Zone_E,427,36,76,525,2323
2026-04-17 15:35:00,Zone_C,464,33,140,560,553
2026-04-18 12:05:00,Zone_C,395,33,141,490,629
2026-04-18 12:15:00,Zone_C,393,36,140,477,533
2026-04-18 12:20:00,Zone_C,510,31,144,456,458
2026-04-18 12:30:00,Zone_C,344,37,144,520,651
2026-04-18 12:45:00,Zone_C,422,34,140,509,656
2026-04-18 14:10:00,Zone_C,446,31,144,515,637
2026-04-18 15:10:00,Zone_C,481,31,141,379,551
2026-04-18 15:15:00,Zone_B,3103,34,79,343,405
2026-04-18 15:15:00,Zone_C,440,35,144,404,432
2026-04-19 04:55:00,Zone_E,2653,24,56,216,236
2026-04-19 10:15:00,Zone_A,108,24,61,299,3398
2026-04-19 12:50:00,Zone_C,505,37,144,462,453
2026-04-19 13:25:00,Zone_C,485,37,144,436,507
2026-04-19 14:15:00,Zone_C,356,32,142,396,469
2026-04-19 15:10:00,Zone_C,494,31,141,506,471
2026-04-19 17:10:00,Zone_A,3725,31,71,726,1220
2026-04-20 00:05:00,Zone_C,312,25,171,303,358
2026-04-20 01:40:00,Zone_A,2756,24,81,190,144
2026-04-20 12:05:00,Zone_C,623,34,144,470,637
2026-04-20 14:25:00,Zone_C,536,37,142,588,698
2026-04-20 15:20:00,Zone_C,515,35,141,564,791
2026-04-20 15:40:00,Zone_C,622,32,146,541,576
2026-04-20 18:15:00,Zone_C,996,29,140,592,977
2026-04-21 00:10:00,Zone_B,243,28,63,265,3468
2026-04-21 12:15:00,Zone_C,513,37,140,561,735
2026-04-21 15:35:00,Zone_C,530,36,140,538,535
2026-04-22 12:40:00,Zone_C,550,31,141,478,592
2026-04-22 14:25:00,Zone_A,2582,32,107,535,759
2026-04-22 15:50:00,Zone_C,497,34,142,453,742
2026-04-22 18:50:00,Zone_C,1044,30,141,757,1315
2026-04-23 00:00:00,Zone_D,3256,28,92,276,174
2026-04-23 06:10:00,Zone_B,2915,23,76,256,279
2026-04-23 08:05:00,Zone_C,790,27,94,416,2402
2026-04-23 12:35:00,Zone_C,565,32,145,475,522
2026-04-23 13:35:00,Zone_C,607,34,145,470,678
2026-04-23 14:50:00,Zone_C,435,31,140,499,615
2026-04-23 14:55:00,Zone_C,422,37,140,451,592
2026-04-23 15:25:00,Zone_C,553,37,140,429,649
2026-04-24 12:05:00,Zone_C,455,36,144,555,515
2026-04-24 12:50:00,Zone_C,519,36,142,460,676
2026-04-24 13:10:00,Zone_C,537,34,141,575,604
2026-04-24 14:10:00,Zone_C,537,31,194,565,661
2026-04-24 21:15:00,Zone_C,159,23,104,221,2702
2026-04-25 14:10:00,Zone_C,440,37,141,429,411
2026-04-25 14:50:00,Zone_C,351,33,140,431,570
2026-04-25 14:55:00,Zone_C,455,34,144,459,535
2026-04-26 08:55:00,Zone_C,687,29,195,401,861
2026-04-26 13:50:00,Zone_C,361,36,142,455,516
2026-04-26 14:10:00,Zone_C,494,31,140,390,437
2026-04-26 14:30:00,Zone_C,401,34,140,482,483
2026-04-26 14:45:00,Zone_C,378,34,140,453,527
2026-04-26 15:35:00,Zone_D,3657,37,102,429,681
2026-04-26 15:40:00,Zone_C,428,35,142,436,451
2026-04-27 12:30:00,Zone_C,614,31,142,539,501
2026-04-27 12:45:00,Zone_C,601,35,141,451,608
2026-04-27 13:40:00,Zone_C,459,33,142,570,611
2026-04-28 08:05:00,Zone_A,960,26,185,486,1071
2026-04-28 15:25:00,Zone_C,561,34,145,475,635
2026-04-28 15:45:00,Zone_C,581,37,143,499,622
2026-04-29 12:35:00,Zone_C,500,37,144,562,551
2026-04-29 12:50:00,Zone_C,467,35,141,541,506
2026-04-29 13:35:00,Zone_C,438,36,144,499,513
2026-04-30 03:00:00,Zone_A,144,23,151,235,125
2026-04-30 03:10:00,Zone_D,3382,25,92,350,459
2026-04-30 13:20:00,Zone_C,463,31,140,475,560
2026-04-30 15:40:00,Zone_C,582,34,142,428,589
2026-05-01 13:45:00,Zone_C,579,37,141,465,526
2026-05-01 20:25:00,Zone_C,996,29,140,684,1040
2026-05-02 06:30:00,Zone_A,192,28,144,233,221
2026-05-02 12:50:00,Zone_C,471,34,140,488,541
2026-05-02 15:00:00,Zone_C,453,37,141,513,528
2026-05-02 15:20:00,Zone_C,488,33,142,464,477
2026-05-02 22:30:00,Zone_A,272,24,149,171,326
2026-05-03 12:35:00,Zone_C,404,37,142,401,583
2026-05-03 15:10:00,Zone_C,385,33,144,392,601
2026-05-03 15:50:00,Zone_C,352,33,142,445,642
2026-05-03 20:10:00,Zone_A,841,32,168,524,1019
2026-05-04 07:55:00,Zone_B,3933,27,73,329,761
2026-05-04 13:30:00,Zone_C,508,36,142,492,593
2026-05-04 13:40:00,Zone_A,646,34,121,569,3210
2026-05-04 13:55:00,Zone_C,538,35,144,506,638
2026-05-04 14:05:00,Zone_C,462,38,144,463,723
2026-05-04 14:25:00,Zone_C,479,35,144,517,794
2026-05-04 14:55:00,Zone_C,578,38,145,526,669
2026-05-05 12:00:00,Zone_C,590,36,142,557,758
2026-05-05 12:55:00,Zone_C,510,38,141,537,552
2026-05-05 14:45:00,Zone_C,603,33,140,441,696
2026-05-06 13:00:00,Zone_C,464,33,144,498,505
2026-05-06 14:20:00,Zone_C,571,37,141,478,548
2026-05-06 15:30:00,Zone_C,447,37,144,549,780
2026-05-06 18:35:00,Zone_C,847,29,152,654,1263
2026-05-06 23:10:00,Zone_C,3929,28,63,228,157
2026-05-07 06:45:00,Zone_C,2533,24,69,186,165
2026-05-07 12:05:00,Zone_C,438,34,142,467,627
2026-05-07 13:20:00,Zone_C,443,33,144,435,649
2026-05-07 13:25:00,Zone_C,600,38,140,446,522
2026-05-07 13:50:00,Zone_C,523,38,141,520,759
2026-05-07 14:35:00,Zone_C,467,33,144,494,742
2026-05-07 15:40:00,Zone_C,610,38,141,453,618
2026-05-08 01:55:00,Zone_A,315,27,84,197,3377
2026-05-08 06:10:00,Zone_B,93,29,194,273,105
2026-05-08 12:00:00,Zone_C,563,33,145,499,745
2026-05-08 12:05:00,Zone_C,551,37,141,470,709
2026-05-08 13:00:00,Zone_D,3105,37,90,554,646
2026-05-08 15:55:00,Zone_C,462,32,142,507,771
2026-05-09 11:50:00,Zone_E,170,29,197,267,227
2026-05-09 13:35:00,Zone_C,497,32,141,435,478
2026-05-09 15:35:00,Zone_C,390,37,141,478,624
2026-05-10 11:30:00,Zone_B,2819,24,78,237,149
2026-05-10 12:45:00,Zone_C,446,32,141,424,624
2026-05-10 13:55:00,Zone_C,379,34,144,397,588
2026-05-11 12:15:00,Zone_C,540,37,144,474,512
2026-05-11 17:10:00,Zone_C,999,31,140,657,1389
2026-05-11 19:00:00,Zone_D,1206,34,168,604,1129
2026-05-12 01:00:00,Zone_B,3924,24,76,226,128
2026-05-12 12:10:00,Zone_C,534,32,142,577,694
2026-05-12 12:35:00,Zone_C,561,34,141,469,513
2026-05-12 12:45:00,Zone_B,480,35,70,419,3357
2026-05-12 13:30:00,Zone_C,522,32,144,523,656
2026-05-12 13:35:00,Zone_C,490,37,140,516,624
2026-05-12 14:15:00,Zone_C,441,35,141,484,519
2026-05-12 15:00:00,Zone_C,517,36,142,523,683
2026-05-13 08:35:00,Zone_C,886,30,93,532,2626
2026-05-13 12:55:00,Zone_C,615,32,142,480,515
2026-05-13 13:50:00,Zone_C,547,35,142,443,744
2026-05-13 15:30:00,Zone_E,404,37,92,429,2430
2026-05-13 15:35:00,Zone_C,469,34,141,485,531
2026-05-13 20:50:00,Zone_E,2563,29,112,737,1093
2026-05-14 12:50:00,Zone_C,495,34,144,431,506
2026-05-14 13:00:00,Zone_C,576,34,140,573,716
2026-05-14 14:05:00,Zone_C,625,37,144,458,505
2026-05-14 14:40:00,Zone_C,465,37,142,565,551
2026-05-14 14:45:00,Zone_C,502,34,142,499,665
2026-05-14 15:20:00,Zone_C,574,35,141,417,576
2026-05-14 19:10:00,Zone_C,1000,32,140,795,1263
2026-05-15 12:00:00,Zone_C,506,32,141,460,787
2026-05-15 13:20:00,Zone_C,528,35,142,573,713
2026-05-15 14:40:00,Zone_C,502,37,142,426,504
2026-05-15 15:15:00,Zone_C,617,32,143,460,677
2026-05-15 15:25:00,Zone_C,561,38,142,516,623
2026-05-15 19:15:00,Zone_C,1023,31,140,660,1224
2026-05-15 23:05:00,Zone_D,3718,26,99,230,391
2026-05-16 05:35:00,Zone_A,3899,25,50,237,264
2026-05-16 11:40:00,Zone_D,119,26,149,264,391
2026-05-16 12:35:00,Zone_C,426,37,140,456,563
2026-05-16 13:05:00,Zone_C,448,32,141,451,420
2026-05-16 14:05:00,Zone_C,482,32,141,480,528
2026-05-16 14:45:00,Zone_C,473,33,142,526,637
2026-05-16 18:50:00,Zone_C,3497,34,114,709,872
2026-05-16 21:40:00,Zone_D,2900,25,88,245,211
2026-05-17 00:20:00,Zone_E,95,28,164,171,148
2026-05-17 08:30:00,Zone_E,724,30,200,427,983
2026-05-17 11:15:00,Zone_C,234,28,68,227,2714
2026-05-17 12:00:00,Zone_C,401,35,144,524,586
2026-05-17 13:05:00,Zone_C,423,37,142,463,436
2026-05-17 13:35:00,Zone_C,353,36,142,527,616
2026-05-17 15:40:00,Zone_C,375,32,142,435,437
2026-05-17 22:05:00,Zone_B,3942,25,49,172,155
2026-05-18 10:05:00,Zone_E,3843,26,50,292,273
2026-05-18 12:15:00,Zone_C,553,33,140,456,605
2026-05-18 12:20:00,Zone_C,504,37,144,440,699
2026-05-18 13:45:00,Zone_C,493,37,140,532,713
2026-05-18 14:10:00,Zone_C,575,36,142,492,707
2026-05-18 14:20:00,Zone_C,531,38,142,565,666
2026-05-18 14:30:00,Zone_C,598,34,143,583,679
2026-05-18 14:55:00,Zone_C,451,32,140,592,767
2026-05-18 15:20:00,Zone_C,564,36,145,550,541
2026-05-19 12:40:00,Zone_C,565,37,140,459,604
2026-05-19 13:05:00,Zone_C,527,32,140,417,576
2026-05-20 08:10:00,Zone_E,759,31,174,363,826
2026-05-20 12:25:00,Zone_C,464,33,141,518,587
2026-05-20 12:45:00,Zone_C,612,37,145,453,585
2026-05-20 13:15:00,Zone_C,469,37,142,577,647
2026-05-20 13:25:00,Zone_C,575,37,145,511,708
2026-05-20 14:25:00,Zone_C,504,33,141,560,789
2026-05-20 15:55:00,Zone_C,468,37,144,428,595
2026-05-21 08:35:00,Zone_B,713,28,73,373,2168
2026-05-21 11:00:00,Zone_C,192,26,74,225,2376
2026-05-21 11:20:00,Zone_D,2559,27,58,204,163
2026-05-21 12:10:00,Zone_C,454,34,144,549,558
2026-05-21 13:55:00,Zone_C,469,33,142,554,618
2026-05-21 14:10:00,Zone_C,467,37,144,477,641
2026-05-21 15:10:00,Zone_C,576,37,143,506,614
2026-05-22 00:35:00,Zone_E,257,27,190,232,276
2026-05-22 12:05:00,Zone_C,627,35,146,577,622
2026-05-22 12:30:00,Zone_C,457,34,141,501,527
2026-05-22 13:05:00,Zone_C,443,35,141,577,727
2026-05-22 14:50:00,Zone_C,561,36,145,559,548
2026-05-22 15:05:00,Zone_C,564,32,145,466,679
2026-05-22 15:10:00,Zone_C,481,32,142,456,534
2026-05-22 17:35:00,Zone_B,714,30,154,677,1225
2026-05-22 21:30:00,Zone_B,2824,26,73,224,176
2026-05-23 03:35:00,Zone_C,238,24,92,208,2857
2026-05-23 12:15:00,Zone_C,361,32,141,399,555
2026-05-23 12:35:00,Zone_C,408,32,141,431,437
2026-05-24 02:15:00,Zone_C,257,25,195,280,254
2026-05-24 13:10:00,Zone_C,485,36,140,396,592
2026-05-24 15:30:00,Zone_C,359,36,144,440,477
2026-05-25 00:50:00,Zone_B,3294,28,45,220,278
2026-05-25 12:00:00,Zone_C,551,38,126,465,2593
2026-05-25 13:05:00,Zone_C,448,37,140,439,534
2026-05-25 13:35:00,Zone_C,547,34,141,553,552
2026-05-26 08:30:00,Zone_C,977,27,200,472,1026
2026-05-26 12:10:00,Zone_C,540,37,144,516,651
2026-05-26 13:45:00,Zone_C,578,33,142,427,512
2026-05-26 14:15:00,Zone_C,433,34,144,469,611
2026-05-26 15:40:00,Zone_C,472,34,141,425,624
2026-05-26 15:45:00,Zone_C,533,37,141,528,627
2026-05-26 16:15:00,Zone_B,216,24,70,165,2066
2026-05-27 05:35:00,Zone_D,251,25,70,290,2319
2026-05-27 12:05:00,Zone_C,567,38,143,494,549
2026-05-27 12:15:00,Zone_C,513,36,144,540,631
2026-05-27 15:30:00,Zone_C,499,37,141,507,713
2026-05-27 15:40:00,Zone_C,468,32,142,445,741
2026-05-28 06:20:00,Zone_D,220,27,74,256,3405
2026-05-28 08:25:00,Zone_B,776,27,175,389,1035
2026-05-28 12:25:00,Zone_C,548,33,144,570,680
2026-05-28 13:55:00,Zone_C,609,33,145,507,560
2026-05-28 14:35:00,Zone_C,578,33,142,442,773
2026-05-28 19:45:00,Zone_B,2723,31,103,541,972
2026-05-29 12:20:00,Zone_C,510,38,144,478,616
2026-05-29 13:10:00,Zone_C,615,33,143,554,548
2026-05-29 15:00:00,Zone_C,624,36,146,487,671
2026-05-29 23:10:00,Zone_A,274,25,199,271,324
2026-05-30 01:00:00,Zone_B,133,29,172,171,114
2026-05-30 05:05:00,Zone_A,3715,25,69,171,93
2026-05-30 12:50:00,Zone_C,390,37,141,474,510
2026-05-30 14:05:00,Zone_C,508,35,140,438,497
2026-05-31 01:35:00,Zone_A,121,24,179,200,101
2026-05-31 04:50:00,Zone_D,165,27,86,285,2232
2026-05-31 12:20:00,Zone_C,392,32,182,398,455
2026-05-31 13:45:00,Zone_C,440,38,142,442,601
2026-05-31 14:05:00,Zone_C,354,36,142,374,475
2026-05-31 14:10:00,Zone_C,495,37,144,442,556
2026-05-31 14:45:00,Zone_A,2645,36,85,450,620
2026-05-31 15:05:00,Zone_C,352,34,141,428,551
2026-06-01 12:05:00,Zone_C,447,34,152,468,597
2026-06-01 12:30:00,Zone_C,470,37,144,569,753
2026-06-01 13:10:00,Zone_C,423,33,142,491,578
2026-06-01 21:35:00,Zone_C,147,26,155,209,297
2026-06-01 23:25:00,Zone_A,322,26,55,269,2891
2026-06-02 02:45:00,Zone_D,131,28,148,251,207
2026-06-02 13:00:00,Zone_C,585,37,143,560,780
2026-06-02 13:50:00,Zone_C,552,33,141,522,679
2026-06-02 14:50:00,Zone_C,473,35,141,438,555
2026-06-02 21:25:00,Zone_D,190,25,93,212,2039
2026-06-03 12:10:00,Zone_C,432,36,142,440,503
2026-06-03 13:20:00,Zone_C,535,31,142,542,778
2026-06-03 14:30:00,Zone_C,490,37,142,549,678
2026-06-03 20:45:00,Zone_D,3389,32,127,775,1564
2026-06-04 00:50:00,Zone_D,340,24,56,335,2594
2026-06-04 12:30:00,Zone_C,426,35,141,562,778
2026-06-04 13:10:00,Zone_C,437,31,141,461,625
2026-06-04 13:35:00,Zone_C,530,33,140,602,796
2026-06-04 14:45:00,Zone_C,476,31,141,453,628
2026-06-05 04:10:00,Zone_B,215,25,48,169,2432
2026-06-05 14:45:00,Zone_C,537,31,142,536,784
2026-06-05 15:35:00,Zone_C,616,31,141,570,619
2026-06-05 15:50:00,Zone_C,609,36,142,469,702
2026-06-05 18:05:00,Zone_C,1010,28,140,755,932
2026-06-06 13:25:00,Zone_A,459,35,199,427,714
2026-06-06 15:30:00,Zone_C,499,37,142,435,548
2026-06-07 04:30:00,Zone_E,3107,27,60,203,168
2026-06-07 12:15:00,Zone_C,488,34,144,438,549
2026-06-07 14:00:00,Zone_C,463,37,144,518,543
2026-06-07 14:20:00,Zone_A,537,31,112,393,3474
2026-06-07 15:00:00,Zone_C,489,33,142,527,591
2026-06-08 12:05:00,Zone_C,481,37,142,478,707
2026-06-08 12:10:00,Zone_C,564,34,145,508,523
2026-06-08 14:10:00,Zone_C,560,33,143,534,705
2026-06-08 14:15:00,Zone_C,523,33,140,554,594
2026-06-08 14:55:00,Zone_E,423,37,88,462,2194
2026-06-08 15:00:00,Zone_C,620,37,142,425,503
2026-06-09 04:20:00,Zone_E,209,24,199,205,360
2026-06-09 12:35:00,Zone_C,593,35,143,504,544
2026-06-09 13:10:00,Zone_C,623,32,144,545,584
2026-06-09 13:30:00,Zone_C,626,37,141,530,694
2026-06-10 02:35:00,Zone_B,2675,24,80,248,317
2026-06-10 11:50:00,Zone_C,267,23,188,343,390
2026-06-10 14:50:00,Zone_C,495,33,140,544,754
2026-06-10 15:30:00,Zone_A,616,36,110,541,2862
2026-06-10 15:30:00,Zone_C,628,34,140,454,672
2026-06-11 12:50:00,Zone_C,555,32,141,431,536
2026-06-11 13:05:00,Zone_C,546,31,141,517,613
2026-06-11 13:25:00,Zone_C,611,32,140,485,581
2026-06-11 14:50:00,Zone_C,445,34,142,549,622
2026-06-11 15:35:00,Zone_C,534,33,144,477,699
2026-06-12 12:05:00,Zone_C,626,34,142,574,664
2026-06-12 12:30:00,Zone_C,627,33,142,438,698
2026-06-12 14:30:00,Zone_C,530,33,141,535,524
2026-06-12 15:15:00,Zone_C,528,33,142,528,648
2026-06-12 21:05:00,Zone_B,174,24,63,170,3043
2026-06-13 12:25:00,Zone_C,348,33,141,456,602
2026-06-13 13:10:00,Zone_C,345,35,140,423,634
2026-06-13 13:40:00,Zone_C,386,36,141,478,534
2026-06-13 13:45:00,Zone_C,416,36,141,459,428
2026-06-13 14:30:00,Zone_C,402,31,140,402,631
2026-06-13 15:25:00,Zone_C,395,31,141,394,440
2026-06-13 15:30:00,Zone_C,386,32,141,520,554
2026-06-13 17:25:00,Zone_E,3815,32,94,548,892
2026-06-14 01:50:00,Zone_D,196,26,142,206,100
2026-06-14 12:10:00,Zone_C,403,31,144,436,499
2026-06-14 12:55:00,Zone_C,504,36,142,470,633
2026-06-14 13:40:00,Zone_C,362,37,141,456,598
2026-06-14 13:50:00,Zone_C,437,34,144,482,600
2026-06-14 13:55:00,Zone_C,368,33,140,378,541
2026-06-14 15:00:00,Zone_C,359,32,142,496,461
2026-06-14 17:55:00,Zone_B,561,31,74,502,2050
2026-06-14 20:05:00,Zone_A,3713,28,79,691,903
2026-06-15 12:20:00,Zone_C,467,36,140,487,750
2026-06-15 12:55:00,Zone_C,522,33,142,524,556
2026-06-15 13:50:00,Zone_C,623,33,146,435,693
2026-06-15 15:00:00,Zone_C,581,35,145,522,703
2026-06-15 15:15:00,Zone_C,615,36,142,462,731
2026-06-15 15:35:00,Zone_C,488,37,142,432,600
2026-06-16 03:00:00,Zone_B,2974,26,76,201,283
2026-06-16 04:10:00,Zone_C,222,27,141,276,226
2026-06-16 08:25:00,Zone_D,1085,30,117,488,3162
2026-06-16 12:10:00,Zone_C,464,35,141,505,669
2026-06-17 15:50:00,Zone_C,469,36,142,426,614
2026-06-18 00:55:00,Zone_D,208,26,78,203,2110
2026-06-18 12:25:00,Zone_C,575,33,141,482,758
2026-06-18 14:35:00,Zone_C,484,31,140,430,708
2026-06-18 14:45:00,Zone_C,422,34,141,457,590
2026-06-18 15:00:00,Zone_C,621,31,144,501,500
2026-06-18 15:35:00,Zone_C,573,35,142,517,604
2026-06-19 07:40:00,Zone_D,1178,27,172,483,998
2026-06-19 12:35:00,Zone_C,563,32,142,474,589
2026-06-19 12:45:00,Zone_C,564,34,142,482,716
2026-06-19 15:10:00,Zone_C,548,37,140,523,512
2026-06-19 15:35:00,Zone_C,528,32,140,474,709
2026-06-19 22:45:00,Zone_B,156,23,163,169,306
2026-06-20 13:05:00,Zone_C,364,33,144,462,493
2026-06-20 13:45:00,Zone_C,459,31,144,531,620
2026-06-20 14:35:00,Zone_C,405,31,144,454,621
2026-06-20 14:40:00,Zone_C,385,32,142,382,478
2026-06-20 14:45:00,Zone_C,480,33,142,467,525
2026-06-20 17:00:00,Zone_B,606,29,193,558,719
2026-06-21 02:30:00,Zone_B,125,27,66,154,3009
2026-06-21 08:00:00,Zone_C,698,28,180,397,728
2026-06-21 12:20:00,Zone_C,383,35,142,413,618
2026-06-21 12:40:00,Zone_C,404,37,144,383,419
2026-06-21 12:45:00,Zone_C,476,32,141,377,460
2026-06-21 14:00:00,Zone_C,390,31,142,419,431
2026-06-21 14:55:00,Zone_C,426,33,140,436,566
2026-06-21 15:25:00,Zone_C,388,35,140,438,427
2026-06-21 23:25:00,Zone_B,2698,25,48,222,116
2026-06-22 13:10:00,Zone_C,626,31,141,498,792
2026-06-22 14:15:00,Zone_C,567,34,145,496,623
2026-06-22 22:35:00,Zone_E,2607,25,59,256,163
2026-06-23 02:40:00,Zone_E,156,23,152,183,176
2026-06-23 12:30:00,Zone_C,502,37,141,429,550
2026-06-23 14:00:00,Zone_C,602,37,142,455,688
2026-06-23 15:50:00,Zone_C,557,33,141,444,535
2026-06-24 12:05:00,Zone_C,578,31,142,450,795
2026-06-24 12:20:00,Zone_C,519,33,140,571,784
2026-06-24 12:30:00,Zone_C,559,31,144,519,679
2026-06-24 14:00:00,Zone_C,630,34,142,529,560
2026-06-24 14:15:00,Zone_C,504,35,141,433,718
2026-06-24 14:50:00,Zone_C,454,35,141,488,500
2026-06-24 15:15:00,Zone_C,540,35,144,532,721
2026-06-24 15:50:00,Zone_C,430,31,140,527,721
2026-06-24 18:10:00,Zone_C,1050,30,141,840,1312
2026-06-25 04:15:00,Zone_B,2585,23,74,275,216
2026-06-25 12:50:00,Zone_C,547,36,141,524,757
2026-06-25 14:30:00,Zone_C,592,34,145,519,511
2026-06-26 12:00:00,Zone_C,558,37,142,455,675
2026-06-26 12:15:00,Zone_B,444,37,97,382,2031
2026-06-26 12:45:00,Zone_C,621,37,140,588,719
2026-06-26 12:55:00,Zone_B,352,37,74,368,2492
2026-06-26 13:05:00,Zone_C,490,31,144,503,674
2026-06-26 13:10:00,Zone_C,423,37,144,565,540
2026-06-26 14:45:00,Zone_C,528,37,142,537,611
2026-06-27 04:10:00,Zone_A,247,27,142,221,230
2026-06-27 14:10:00,Zone_C,420,36,144,405,641
2026-06-27 14:10:00,Zone_E,387,37,140,346,424
2026-06-27 15:10:00,Zone_C,359,35,140,377,535
2026-06-27 15:55:00,Zone_C,484,34,141,419,642
2026-06-28 12:10:00,Zone_C,436,32,142,406,483
2026-06-28 12:30:00,Zone_C,470,33,142,435,609
2026-06-28 12:35:00,Zone_C,402,37,144,501,505
2026-06-28 13:35:00,Zone_C,417,35,140,411,649
2026-06-28 13:50:00,Zone_C,473,32,141,482,489
2026-06-28 15:10:00,Zone_C,476,31,141,459,427
2026-06-28 15:40:00,Zone_C,415,34,140,416,619
2026-06-28 15:50:00,Zone_C,453,36,142,494,483
2026-06-29 12:35:00,Zone_C,596,34,140,568,556
2026-06-29 12:40:00,Zone_C,422,37,141,439,577
2026-06-29 13:00:00,Zone_C,427,34,141,469,631
2026-06-29 14:45:00,Zone_C,449,35,141,571,654
2026-06-29 14:55:00,Zone_C,543,33,140,460,523
2026-06-30 05:50:00,Zone_D,351,23,91,263,2334
2026-06-30 10:55:00,Zone_E,95,25,57,271,2000
2026-06-30 12:35:00,Zone_C,617,32,141,479,685
2026-06-30 14:25:00,Zone_C,447,37,144,485,620
2026-06-30 14:35:00,Zone_C,467,34,144,462,584
2026-06-30 14:50:00,Zone_C,542,35,140,562,571
2026-07-01 13:45:00,Zone_C,559,33,142,478,708
2026-07-01 14:00:00,Zone_C,435,35,144,551,699
2026-07-01 14:05:00,Zone_C,562,32,143,554,538
2026-07-01 14:50:00,Zone_C,578,36,142,510,615
2026-07-01 15:10:00,Zone_C,484,35,144,428,625
2026-07-01 16:20:00,Zone_E,181,24,174,233,366
2026-07-02 12:15:00,Zone_A,677,30,101,489,3447
2026-07-02 12:25:00,Zone_C,515,35,140,495,625
2026-07-02 13:10:00,Zone_C,505,34,144,540,765
2026-07-02 20:30:00,Zone_C,998,31,140,818,1059
2026-07-03 07:40:00,Zone_C,968,30,199,591,1180
2026-07-03 19:40:00,Zone_E,800,28,102,574,2424
2026-07-04 07:05:00,Zone_B,556,25,190,358,656
2026-07-04 12:45:00,Zone_C,395,35,141,438,478
2026-07-04 13:20:00,Zone_C,457,30,144,492,501
2026-07-04 18:55:00,Zone_A,835,31,80,596,3043
2026-07-05 07:00:00,Zone_E,3808,27,99,438,681
2026-07-05 12:25:00,Zone_C,468,36,140,401,566
2026-07-05 12:30:00,Zone_C,408,33,142,481,462
2026-07-05 12:50:00,Zone_C,365,36,140,427,458
2026-07-05 14:05:00,Zone_C,375,33,144,501,503
2026-07-05 15:05:00,Zone_C,371,32,142,513,566
2026-07-05 15:40:00,Zone_C,416,30,144,428,449
2026-07-05 19:45:00,Zone_C,767,28,187,553,1141
2026-07-06 07:45:00,Zone_B,2517,28,86,407,898
2026-07-06 13:40:00,Zone_C,499,36,141,486,537
2026-07-06 14:55:00,Zone_C,516,33,141,521,528
2026-07-06 23:05:00,Zone_A,3928,25,68,322,349
2026-07-07 00:45:00,Zone_E,133,25,181,261,171
2026-07-07 04:20:00,Zone_B,2702,27,79,185,107
2026-07-07 12:15:00,Zone_C,446,36,140,550,742
2026-07-07 13:00:00,Zone_B,3410,31,72,473,628
2026-07-07 13:15:00,Zone_C,598,33,145,511,552
2026-07-07 13:50:00,Zone_C,623,34,146,514,701
2026-07-07 14:00:00,Zone_C,597,32,141,526,670
2026-07-07 14:20:00,Zone_C,464,34,140,461,651
2026-07-07 14:40:00,Zone_C,610,35,145,525,533
2026-07-07 14:50:00,Zone_C,499,32,142,492,659
2026-07-07 15:05:00,Zone_C,514,33,141,476,608
2026-07-07 15:20:00,Zone_C,549,30,141,438,644
2026-07-07 17:15:00,Zone_C,997,27,140,666,1191
2026-07-07 20:15:00,Zone_C,1026,28,140,676,1178
2026-07-08 12:15:00,Zone_C,586,34,140,540,571
2026-07-08 15:50:00,Zone_C,520,35,141,491,513
2026-07-09 05:05:00,Zone_A,263,22,171,300,388
2026-07-09 06:20:00,Zone_C,124,25,190,258,379
2026-07-09 12:00:00,Zone_C,529,31,142,577,696
2026-07-09 12:05:00,Zone_C,563,31,142,548,539
2026-07-09 13:30:00,Zone_C,531,32,141,507,671
2026-07-09 13:45:00,Zone_C,443,35,140,560,589
2026-07-09 14:30:00,Zone_C,457,30,141,418,572
2026-07-09 15:05:00,Zone_C,436,31,142,589,770
2026-07-09 15:20:00,Zone_C,485,30,140,485,674
2026-07-09 17:05:00,Zone_C,1031,27,140,598,1135
2026-07-09 17:30:00,Zone_A,955,32,78,627,3112
2026-07-09 19:50:00,Zone_C,1031,29,140,664,1136
2026-07-10 14:15:00,Zone_C,444,31,141,511,699
2026-07-10 14:35:00,Zone_C,603,36,142,440,798
2026-07-10 14:40:00,Zone_C,476,35,142,532,522
2026-07-10 15:15:00,Zone_C,530,34,142,430,621
2026-07-10 15:30:00,Zone_C,463,30,141,581,668
2026-07-10 15:45:00,Zone_C,477,33,142,520,675
2026-07-10 16:20:00,Zone_D,291,24,200,268,440
2026-07-11 13:35:00,Zone_C,454,31,142,449,650
2026-07-11 14:05:00,Zone_C,466,33,142,476,651
2026-07-11 14:10:00,Zone_C,478,34,142,479,593
2026-07-11 20:25:00,Zone_A,3229,30,113,593,1211
2026-07-12 03:40:00,Zone_A,2982,24,90,206,284
2026-07-12 12:15:00,Zone_C,353,33,142,466,491
2026-07-12 12:50:00,Zone_C,445,35,141,424,468
2026-07-12 13:40:00,Zone_C,473,30,141,434,431
2026-07-12 14:10:00,Zone_C,479,30,140,490,455
2026-07-12 14:30:00,Zone_C,445,30,141,530,648
2026-07-12 14:55:00,Zone_C,467,35,144,401,441
2026-07-12 15:15:00,Zone_C,480,35,144,521,627
2026-07-12 15:25:00,Zone_C,368,31,140,512,554
2026-07-13 12:50:00,Zone_C,523,31,141,477,749
2026-07-13 14:00:00,Zone_C,553,34,141,555,671
2026-07-13 14:20:00,Zone_C,576,36,141,452,570
2026-07-13 14:40:00,Zone_C,518,31,144,601,778
2026-07-13 18:15:00,Zone_C,1016,31,140,831,1277
2026-07-14 04:15:00,Zone_A,192,23,183,223,278
2026-07-14 07:10:00,Zone_D,1162,27,116,442,2886
2026-07-14 12:45:00,Zone_C,589,31,143,565,675
2026-07-14 15:10:00,Zone_C,583,35,143,450,597
2026-07-15 02:50:00,Zone_C,169,25,173,303,299
2026-07-15 09:20:00,Zone_C,795,27,140,511,1066
2026-07-15 13:20:00,Zone_D,3873,33,98,452,831
2026-07-15 14:15:00,Zone_C,591,33,140,515,623
2026-07-15 14:35:00,Zone_C,451,35,140,533,718
2026-07-15 18:05:00,Zone_C,1038,28,140,674,1090
2026-07-16 03:50:00,Zone_D,2868,27,92,300,224
2026-07-16 08:45:00,Zone_B,3796,29,90,382,973
2026-07-16 10:55:00,Zone_B,3464,23,59,188,140
2026-07-16 12:05:00,Zone_C,527,31,141,570,625
2026-07-16 14:05:00,Zone_C,436,32,141,553,570
2026-07-16 15:45:00,Zone_C,622,36,142,572,670
2026-07-17 12:20:00,Zone_C,505,30,142,567,682
2026-07-17 12:45:00,Zone_C,523,34,144,549,641
2026-07-17 13:35:00,Zone_C,469,30,140,456,534
2026-07-17 19:30:00,Zone_C,1008,27,140,762,1287
2026-07-17 20:20:00,Zone_C,1022,27,140,823,1241
2026-07-18 12:40:00,Zone_C,497,34,141,473,604
2026-07-18 14:05:00,Zone_C,415,36,144,397,434
2026-07-18 15:20:00,Zone_C,453,36,144,400,626
2026-07-18 15:45:00,Zone_C,501,31,142,497,483
2026-07-19 12:15:00,Zone_C,385,36,140,481,653
2026-07-19 14:10:00,Zone_C,477,35,140,373,465
2026-07-19 14:30:00,Zone_C,464,31,144,403,419
2026-07-19 14:50:00,Zone_C,447,35,144,434,511
2026-07-19 15:00:00,Zone_C,500,36,144,420,583
2026-07-19 15:05:00,Zone_C,410,32,141,392,589
2026-07-19 15:35:00,Zone_A,2773,34,81,475,617
2026-07-19 21:05:00,Zone_E,110,25,85,269,2615
2026-07-20 00:30:00,Zone_A,3645,27,80,244,378
2026-07-20 03:55:00,Zone_B,175,22,165,224,163
2026-07-20 12:20:00,Zone_C,626,33,140,511,610
2026-07-20 14:25:00,Zone_C,584,31,140,477,664
2026-07-20 14:50:00,Zone_C,604,31,143,525,707
2026-07-20 19:10:00,Zone_A,1023,31,82,695,3171
2026-07-21 08:50:00,Zone_C,995,28,96,544,2983
2026-07-21 12:00:00,Zone_C,613,34,141,499,689
2026-07-21 13:20:00,Zone_C,436,33,141,512,749
2026-07-21 14:10:00,Zone_C,480,34,141,443,625
2026-07-21 18:50:00,Zone_C,1024,28,140,709,1335
2026-07-22 10:20:00,Zone_D,247,24,184,315,313
2026-07-22 12:40:00,Zone_C,469,32,144,580,640
2026-07-22 12:45:00,Zone_C,429,33,140,582,788
2026-07-22 13:05:00,Zone_C,454,36,144,577,726
2026-07-22 15:40:00,Zone_C,607,30,140,525,585
2026-07-22 22:45:00,Zone_A,185,26,140,252,398
2026-07-23 01:20:00,Zone_B,227,22,171,284,296
2026-07-23 12:20:00,Zone_C,449,35,142,491,739
2026-07-23 12:35:00,Zone_C,607,35,145,500,654
2026-07-23 15:05:00,Zone_C,630,31,140,503,740
2026-07-23 15:15:00,Zone_C,491,32,141,414,542
2026-07-24 15:10:00,Zone_C,457,36,140,414,545
2026-07-24 16:30:00,Zone_C,195,25,99,294,2542
2026-07-24 18:40:00,Zone_C,1002,28,140,592,1003
2026-07-25 13:20:00,Zone_C,494,36,144,432,525
2026-07-25 14:00:00,Zone_C,492,34,140,398,627
2026-07-25 14:15:00,Zone_C,420,32,142,416,521
2026-07-25 14:40:00,Zone_C,398,31,142,390,587
2026-07-25 15:05:00,Zone_E,313,30,181,359,585
2026-07-25 15:10:00,Zone_C,403,31,142,498,485
2026-07-25 15:30:00,Zone_C,470,34,142,408,570
2026-07-26 09:15:00,Zone_A,878,30,153,403,754
2026-07-26 13:50:00,Zone_C,484,33,144,480,563
2026-07-27 01:30:00,Zone_D,198,25,61,325,2726
2026-07-27 06:10:00,Zone_C,307,24,197,260,103
2026-07-27 09:35:00,Zone_C,3763,27,100,537,841
2026-07-27 13:25:00,Zone_C,599,30,141,568,564
2026-07-27 14:00:00,Zone_C,512,35,142,444,656
2026-07-28 06:55:00,Zone_A,262,23,169,315,317
2026-07-28 11:20:00,Zone_A,217,24,185,296,209
2026-07-28 14:40:00,Zone_C,451,31,142,571,758
2026-07-28 15:00:00,Zone_C,431,32,142,435,735
2026-07-28 15:05:00,Zone_C,586,33,145,464,584
2026-07-29 08:50:00,Zone_C,2707,26,111,481,814
2026-07-29 13:15:00,Zone_C,575,31,140,473,616
2026-07-29 14:30:00,Zone_C,561,36,142,470,778
2026-07-29 15:30:00,Zone_C,505,34,141,559,613
2026-07-30 12:05:00,Zone_C,484,34,142,531,645
2026-07-30 13:25:00,Zone_C,540,34,142,546,770
2026-07-30 13:30:00,Zone_C,617,33,143,557,673
2026-07-30 13:50:00,Zone_C,603,31,141,473,667
2026-07-30 14:00:00,Zone_C,448,31,141,448,525
2026-07-30 14:05:00,Zone_C,508,32,142,581,796
2026-07-30 15:15:00,Zone_C,441,36,142,498,610
2026-07-31 12:05:00,Zone_D,576,35,85,492,3173
2026-07-31 13:25:00,Zone_C,597,34,141,546,778
2026-07-31 13:30:00,Zone_C,607,30,140,584,796
2026-07-31 15:20:00,Zone_C,469,34,144,436,659
2026-07-31 15:35:00,Zone_C,597,34,140,494,704
2026-07-31 18:10:00,Zone_C,1014,28,140,612,1064
2026-08-01 13:25:00,Zone_C,452,33,142,502,631
2026-08-01 15:35:00,Zone_C,371,34,141,414,615
2026-08-02 12:00:00,Zone_C,452,36,142,410,578
2026-08-02 14:05:00,Zone_C,355,32,141,385,472
2026-08-02 14:40:00,Zone_C,353,33,141,426,464
2026-08-02 15:30:00,Zone_C,397,31,141,479,559
2026-08-02 23:00:00,Zone_D,3925,22,63,247,369
2026-08-03 12:30:00,Zone_C,442,33,140,556,570
2026-08-04 13:05:00,Zone_C,537,30,141,503,705
2026-08-04 13:20:00,Zone_C,432,31,142,426,650
2026-08-04 14:05:00,Zone_C,584,32,143,531,531
2026-08-04 14:15:00,Zone_C,613,31,142,525,617
2026-08-04 15:10:00,Zone_C,557,31,144,542,756
2026-08-04 15:25:00,Zone_C,450,33,140,436,554
2026-08-05 12:30:00,Zone_C,548,34,141,556,567
2026-08-05 13:45:00,Zone_C,626,32,140,532,718
2026-08-05 14:25:00,Zone_C,486,36,140,501,768
2026-08-05 14:30:00,Zone_C,568,36,142,526,767
2026-08-05 15:10:00,Zone_C,560,33,141,429,623
2026-08-05 15:35:00,Zone_C,547,30,141,455,703
2026-08-05 19:05:00,Zone_C,1022,32,140,633,1003
2026-08-06 04:00:00,Zone_C,3533,25,94,237,163
2026-08-06 10:20:00,Zone_D,162,23,184,288,316
2026-08-06 11:05:00,Zone_B,3277,25,63,228,187
2026-08-06 12:50:00,Zone_C,578,33,142,524,737
2026-08-06 13:30:00,Zone_C,486,31,142,510,630
2026-08-06 14:45:00,Zone_C,568,36,145,472,798
2026-08-06 15:45:00,Zone_B,502,36,184,480,501
2026-08-06 18:55:00,Zone_B,2816,27,75,534,973
2026-08-07 02:00:00,Zone_D,365,22,71,277,2807
2026-08-07 12:05:00,Zone_C,620,31,141,470,680
2026-08-07 13:15:00,Zone_C,618,30,140,526,593
2026-08-07 14:45:00,Zone_C,582,33,141,482,773
2026-08-07 15:15:00,Zone_C,576,36,140,567,664
2026-08-07 15:55:00,Zone_C,470,31,144,586,792
2026-08-08 09:15:00,Zone_A,2776,28,89,352,733
2026-08-08 12:05:00,Zone_E,466,36,105,384,3337
2026-08-08 12:30:00,Zone_C,389,30,141,429,431
2026-08-08 13:00:00,Zone_C,358,36,140,509,505
2026-08-08 15:15:00,Zone_C,381,35,140,454,624
2026-08-08 15:35:00,Zone_C,385,36,140,448,516
2026-08-09 09:15:00,Zone_B,609,30,77,409,2764
2026-08-09 12:00:00,Zone_C,355,36,144,416,540
2026-08-09 12:40:00,Zone_C,439,31,140,436,628
2026-08-09 13:10:00,Zone_C,382,31,144,427,646
2026-08-09 13:20:00,Zone_C,457,33,140,425,445
2026-08-09 13:35:00,Zone_C,360,36,144,479,605
2026-08-09 14:25:00,Zone_C,381,34,142,420,557
2026-08-09 14:35:00,Zone_C,484,33,144,468,596
2026-08-09 15:20:00,Zone_C,370,30,144,460,436
2026-08-09 16:25:00,Zone_D,192,24,89,275,2963
2026-08-10 12:20:00,Zone_C,525,32,144,574,726
2026-08-10 13:35:00,Zone_C,592,36,143,469,622
2026-08-10 13:55:00,Zone_C,523,30,140,454,724
2026-08-10 14:20:00,Zone_C,468,36,142,591,798
2026-08-10 14:30:00,Zone_C,431,35,144,571,701
2026-08-11 12:25:00,Zone_C,527,30,140,555,787
2026-08-11 13:30:00,Zone_C,616,30,141,453,606
2026-08-11 13:40:00,Zone_C,544,30,140,551,787
2026-08-11 13:45:00,Zone_C,623,34,144,467,571
2026-08-11 14:55:00,Zone_C,497,33,140,585,705
2026-08-12 12:35:00,Zone_C,562,35,141,567,598
2026-08-12 13:05:00,Zone_C,537,36,144,562,608
2026-08-12 14:40:00,Zone_C,433,33,144,455,561
2026-08-12 15:35:00,Zone_C,433,30,144,514,748
2026-08-12 18:10:00,Zone_C,2636,31,117,789,1158
2026-08-13 12:20:00,Zone_C,624,30,144,464,785
2026-08-13 13:00:00,Zone_C,567,36,140,485,577
2026-08-13 13:45:00,Zone_C,498,33,141,554,800
2026-08-13 15:20:00,Zone_C,626,34,142,458,718
2026-08-13 20:25:00,Zone_C,1036,27,140,631,1109
2026-08-14 08:05:00,Zone_B,3997,25,71,428,845
2026-08-14 12:55:00,Zone_C,430,34,141,545,584
2026-08-14 13:35:00,Zone_C,489,32,140,559,630
2026-08-14 14:00:00,Zone_C,422,32,141,577,628
2026-08-14 14:10:00,Zone_C,604,31,141,483,647
2026-08-15 05:25:00,Zone_C,3990,22,73,272,195
2026-08-15 12:55:00,Zone_C,426,33,140,505,445
2026-08-15 14:05:00,Zone_C,425,35,144,448,558
2026-08-16 04:25:00,Zone_A,2529,22,79,280,136
2026-08-16 14:35:00,Zone_C,450,35,141,505,537
2026-08-16 15:05:00,Zone_C,360,30,141,393,551
2026-08-16 15:30:00,Zone_C,480,36,144,388,628
2026-08-16 15:40:00,Zone_C,442,33,140,490,547
2026-08-17 03:35:00,Zone_C,180,22,79,283,2472
2026-08-17 12:05:00,Zone_C,563,30,145,562,598
2026-08-17 12:25:00,Zone_C,441,32,140,446,528
2026-08-17 12:50:00,Zone_C,567,32,141,455,546
2026-08-17 13:15:00,Zone_C,478,32,141,536,524
2026-08-17 14:00:00,Zone_C,624,32,146,541,786
2026-08-17 14:30:00,Zone_C,514,35,142,567,777
2026-08-17 14:55:00,Zone_C,422,32,141,488,615
2026-08-17 15:45:00,Zone_C,439,30,142,427,663
2026-08-17 15:55:00,Zone_C,577,32,143,517,755
2026-08-17 20:45:00,Zone_C,981,32,140,808,1322
2026-08-18 12:50:00,Zone_C,456,32,141,579,721
2026-08-18 13:35:00,Zone_C,580,31,145,555,676
2026-08-18 14:05:00,Zone_C,514,34,140,566,771
2026-08-18 14:20:00,Zone_C,441,31,140,448,703
2026-08-18 15:10:00,Zone_C,592,33,143,496,611
2026-08-18 16:50:00,Zone_B,3423,22,77,234,342
2026-08-19 08:35:00,Zone_D,1037,29,178,596,1210
2026-08-19 13:25:00,Zone_C,620,35,146,459,589
2026-08-19 13:40:00,Zone_C,429,34,140,549,578
2026-08-19 13:55:00,Zone_C,583,36,145,532,602
2026-08-19 15:25:00,Zone_C,627,36,140,490,649
2026-08-19 15:55:00,Zone_C,448,33,142,512,532
2026-08-19 23:05:00,Zone_A,132,27,60,184,2853
2026-08-20 11:45:00,Zone_E,2734,27,59,212,226
2026-08-20 13:10:00,Zone_C,498,35,142,493,739
2026-08-20 13:55:00,Zone_C,532,36,140,519,729
2026-08-20 23:50:00,Zone_C,200,24,149,320,253
2026-08-21 12:05:00,Zone_C,617,32,141,515,754
2026-08-21 12:25:00,Zone_C,450,36,141,453,742
2026-08-21 12:55:00,Zone_C,601,35,143,426,616
2026-08-21 13:00:00,Zone_C,567,34,140,539,653
2026-08-21 13:45:00,Zone_C,570,35,141,515,735
2026-08-21 14:50:00,Zone_C,483,30,140,464,610
2026-08-21 15:00:00,Zone_C,474,34,140,516,757
2026-08-21 15:40:00,Zone_B,352,32,191,474,617
2026-08-22 14:10:00,Zone_C,469,33,144,392,578
2026-08-22 14:40:00,Zone_C,464,31,141,456,558
2026-08-22 15:30:00,Zone_C,393,34,142,408,507
2026-08-22 18:05:00,Zone_A,758,29,189,613,876
2026-08-23 12:15:00,Zone_C,384,32,144,448,589
2026-08-23 13:30:00,Zone_C,384,33,140,464,646
2026-08-23 14:20:00,Zone_C,385,31,141,417,468
2026-08-23 15:10:00,Zone_C,433,36,142,410,432
2026-08-23 16:45:00,Zone_C,2505,26,75,270,95
2026-08-24 15:50:00,Zone_C,600,34,140,431,646
2026-08-24 18:25:00,Zone_C,1002,29,145,752,937
2026-08-24 19:20:00,Zone_C,1042,31,141,837,1266
2026-08-25 00:25:00,Zone_E,177,23,181,265,390
2026-08-25 08:00:00,Zone_B,737,29,145,457,945
2026-08-25 12:00:00,Zone_C,511,36,141,459,714
2026-08-25 13:45:00,Zone_C,617,31,145,527,781
2026-08-25 15:35:00,Zone_C,537,36,144,587,721
2026-08-25 15:45:00,Zone_C,459,33,144,468,683
2026-08-26 15:05:00,Zone_C,470,34,141,467,681
2026-08-26 21:45:00,Zone_B,170,24,175,188,218
2026-08-27 03:50:00,Zone_A,196,25,195,251,314
2026-08-27 10:35:00,Zone_A,117,22,53,253,2866
2026-08-27 13:05:00,Zone_C,522,33,141,478,632
2026-08-27 14:00:00,Zone_C,551,32,142,492,785
2026-08-27 14:20:00,Zone_C,605,36,142,445,678
2026-08-27 14:45:00,Zone_C,559,32,144,560,505
2026-08-27 15:15:00,Zone_C,595,31,142,551,790
2026-08-27 15:45:00,Zone_C,605,32,143,558,625
2026-08-27 19:45:00,Zone_C,1046,27,141,637,1378
2026-08-28 02:10:00,Zone_E,154,24,166,249,296
2026-08-28 12:15:00,Zone_C,436,35,141,558,566
2026-08-28 12:50:00,Zone_C,598,36,142,426,593
2026-08-28 13:25:00,Zone_C,582,35,141,539,524
2026-08-28 14:00:00,Zone_C,583,31,142,455,669
2026-08-28 15:00:00,Zone_C,578,32,145,421,536
2026-08-28 22:20:00,Zone_C,3678,22,98,240,380
2026-08-29 12:35:00,Zone_A,382,35,175,399,704
2026-08-29 12:35:00,Zone_C,356,34,144,444,570
2026-08-29 13:00:00,Zone_C,476,33,142,481,633
2026-08-29 15:15:00,Zone_C,447,36,142,475,619
2026-08-29 15:20:00,Zone_C,516,31,142,448,600
2026-08-29 15:50:00,Zone_C,392,32,142,462,607
2026-08-30 05:50:00,Zone_C,178,23,66,258,3376
2026-08-30 13:15:00,Zone_C,461,30,141,518,596
2026-08-30 13:55:00,Zone_C,481,33,140,446,535
2026-08-30 14:00:00,Zone_C,405,36,141,442,612
2026-08-30 14:45:00,Zone_C,461,36,141,479,433
2026-08-30 14:50:00,Zone_C,476,35,140,505,646
2026-08-30 15:10:00,Zone_C,365,35,142,447,465
2026-08-30 15:40:00,Zone_C,512,31,144,416,450
2026-08-30 15:55:00,Zone_C,433,34,144,435,474
2026-08-30 18:05:00,Zone_A,871,31,146,728,1132
2026-08-31 10:30:00,Zone_C,208,24,142,251,316
2026-08-31 13:30:00,Zone_C,509,31,142,554,786
2026-08-31 13:55:00,Zone_C,442,31,142,441,501
2026-08-31 14:05:00,Zone_C,611,34,145,596,790
2026-08-31 14:15:00,Zone_C,472,30,144,511,541
2026-08-31 14:45:00,Zone_C,556,35,144,431,702
2026-08-31 15:20:00,Zone_C,428,36,140,441,785
2026-09-01 03:00:00,Zone_D,257,26,69,294,2174
2026-09-01 12:40:00,Zone_C,579,34,140,427,610
2026-09-01 13:00:00,Zone_C,620,30,146,433,622
2026-09-01 14:55:00,Zone_C,606,33,145,471,684
2026-09-01 18:25:00,Zone_E,775,28,76,727,3362
2026-09-02 13:05:00,Zone_C,530,31,144,555,523
2026-09-02 15:05:00,Zone_C,626,36,144,540,507
2026-09-02 15:55:00,Zone_C,453,34,140,561,717
2026-09-02 21:50:00,Zone_D,260,26,166,256,382
2026-09-03 01:30:00,Zone_D,277,27,159,283,310
2026-09-03 12:00:00,Zone_C,604,32,141,460,659
2026-09-03 12:15:00,Zone_D,518,36,141,578,877
2026-09-03 14:35:00,Zone_C,489,36,141,437,725
2026-09-03 14:50:00,Zone_C,570,30,145,534,602
2026-09-03 15:35:00,Zone_C,549,35,140,442,684
2026-09-03 15:45:00,Zone_C,430,34,140,462,750
2026-09-03 23:10:00,Zone_B,220,27,49,184,2053
2026-09-04 15:00:00,Zone_C,422,34,141,530,751
2026-09-04 22:30:00,Zone_C,2722,23,60,260,121
2026-09-05 04:10:00,Zone_B,3454,23,77,209,242
2026-09-05 12:40:00,Zone_C,346,34,140,461,604
2026-09-05 15:50:00,Zone_C,480,32,144,382,486
2026-09-05 19:55:00,Zone_C,3254,30,121,677,1065
2026-09-06 05:05:00,Zone_D,128,26,85,282,2498
2026-09-06 12:35:00,Zone_C,427,30,140,385,523
2026-09-06 12:50:00,Zone_C,361,33,144,502,547
2026-09-06 12:55:00,Zone_C,385,30,142,446,552
2026-09-06 15:15:00,Zone_C,408,33,142,492,605
2026-09-06 20:25:00,Zone_B,664,32,75,618,2990
2026-09-07 12:10:00,Zone_C,615,36,140,568,649
2026-09-07 12:20:00,Zone_C,622,32,143,424,535
2026-09-07 13:30:00,Zone_C,613,30,142,542,577
2026-09-07 14:10:00,Zone_C,614,35,141,523,627
2026-09-07 15:30:00,Zone_C,589,30,140,410,515
2026-09-07 18:15:00,Zone_B,716,27,190,620,921
2026-09-08 09:20:00,Zone_E,2678,26,75,495,1145
2026-09-08 09:25:00,Zone_D,3501,29,92,452,1056
2026-09-08 12:10:00,Zone_C,536,36,140,519,797
2026-09-08 12:45:00,Zone_C,577,33,145,506,594
2026-09-08 14:50:00,Zone_A,650,35,166,465,726
2026-09-08 15:45:00,Zone_C,584,36,140,485,660
2026-09-08 18:50:00,Zone_D,1050,31,184,655,1348
2026-09-09 01:50:00,Zone_E,3546,26,72,253,208
2026-09-09 12:10:00,Zone_B,426,35,74,377,2535
2026-09-09 12:45:00,Zone_C,616,36,145,509,652
2026-09-09 13:15:00,Zone_C,567,35,142,418,540
2026-09-09 13:35:00,Zone_C,623,35,144,509,699
2026-09-09 13:55:00,Zone_C,568,30,143,487,787
2026-09-09 14:10:00,Zone_C,500,36,140,507,751
2026-09-09 18:05:00,Zone_C,1046,28,141,604,1105
2026-09-10 12:30:00,Zone_C,457,32,141,495,716
2026-09-10 14:00:00,Zone_C,457,36,144,496,782
2026-09-10 15:20:00,Zone_C,571,34,143,596,741
2026-09-10 20:10:00,Zone_C,1009,27,140,655,1134
2026-09-11 12:15:00,Zone_C,453,31,140,433,535
2026-09-11 13:05:00,Zone_C,445,33,142,530,683
2026-09-11 13:10:00,Zone_C,501,34,142,566,620
2026-09-11 13:15:00,Zone_C,466,33,141,515,511
2026-09-11 14:10:00,Zone_C,518,33,141,514,694
2026-09-11 15:30:00,Zone_C,514,30,140,480,714
2026-09-11 15:55:00,Zone_C,531,32,142,469,568
2026-09-12 00:20:00,Zone_E,150,23,183,258,200
2026-09-12 02:00:00,Zone_B,3142,23,63,173,221
2026-09-12 12:30:00,Zone_C,473,30,140,508,605
2026-09-12 13:40:00,Zone_C,479,33,142,505,496
2026-09-12 14:50:00,Zone_C,359,34,142,486,424
2026-09-12 15:10:00,Zone_C,359,31,140,500,489
2026-09-12 15:45:00,Zone_C,475,34,144,499,473
2026-09-13 12:00:00,Zone_C,479,36,142,477,622
2026-09-13 13:30:00,Zone_C,386,33,141,445,503
2026-09-13 13:35:00,Zone_C,513,35,144,441,410
2026-09-13 14:20:00,Zone_C,493,36,140,427,518
2026-09-13 15:35:00,Zone_C,390,31,141,495,412
2026-09-13 18:35:00,Zone_A,832,28,163,530,1149
2026-09-13 21:30:00,Zone_B,3728,27,57,166,226
2026-09-14 06:55:00,Zone_D,3523,24,69,262,248
2026-09-14 12:30:00,Zone_C,477,31,142,595,771
2026-09-14 13:40:00,Zone_C,463,33,142,446,578
2026-09-14 14:30:00,Zone_C,600,31,142,561,632
2026-09-15 09:35:00,Zone_A,971,28,80,510,2635
2026-09-15 12:40:00,Zone_C,576,32,143,452,556
2026-09-15 13:20:00,Zone_C,550,35,140,496,658
2026-09-15 13:45:00,Zone_E,480,36,196,388,649
2026-09-15 14:25:00,Zone_C,583,35,145,571,634
2026-09-15 14:50:00,Zone_C,449,31,141,453,631
2026-09-15 15:05:00,Zone_C,421,36,142,489,570
2026-09-15 15:40:00,Zone_C,568,35,140,543,501
2026-09-15 15:55:00,Zone_D,2956,35,98,474,873
2026-09-15 23:35:00,Zone_C,223,23,158,249,166
2026-09-16 12:45:00,Zone_C,575,35,140,540,738
2026-09-16 15:05:00,Zone_C,465,34,144,463,600
2026-09-16 17:05:00,Zone_A,928,27,106,702,2075
2026-09-16 20:00:00,Zone_C,1017,31,140,722,1207
2026-09-17 12:50:00,Zone_C,478,34,140,589,746
2026-09-18 06:50:00,Zone_D,222,25,58,336,2543
2026-09-18 07:10:00,Zone_C,925,28,113,400,2787
2026-09-18 12:10:00,Zone_C,580,31,140,528,708
2026-09-18 12:35:00,Zone_C,431,32,141,443,799
2026-09-18 14:05:00,Zone_B,449,30,145,471,586
2026-09-18 15:25:00,Zone_C,483,33,142,583,773
2026-09-18 15:30:00,Zone_C,618,35,142,569,747
2026-09-18 20:10:00,Zone_C,999,32,140,696,1017
2026-09-19 05:45:00,Zone_E,3920,24,72,200,95
2026-09-19 13:05:00,Zone_C,359,35,140,437,487
2026-09-19 13:10:00,Zone_C,448,33,142,505,485
2026-09-19 15:55:00,Zone_C,510,31,140,392,433
2026-09-20 12:50:00,Zone_C,422,32,141,472,633
2026-09-20 14:00:00,Zone_C,506,32,141,451,510
2026-09-20 14:10:00,Zone_C,473,34,141,469,425
2026-09-20 17:50:00,Zone_D,964,28,84,584,2892
2026-09-21 13:50:00,Zone_C,596,30,145,425,584
2026-09-21 14:40:00,Zone_C,470,30,142,444,755
2026-09-21 20:00:00,Zone_A,1146,32,175,642,1300
2026-09-21 20:50:00,Zone_D,1116,28,129,610,2542
2026-09-22 02:25:00,Zone_D,237,25,91,251,2068
2026-09-22 12:55:00,Zone_C,550,33,142,446,665
2026-09-22 13:15:00,Zone_C,465,31,142,458,540
2026-09-22 13:30:00,Zone_C,557,36,141,427,575
2026-09-22 14:05:00,Zone_C,434,32,142,565,581
2026-09-22 14:35:00,Zone_C,572,35,141,466,719
2026-09-22 15:15:00,Zone_C,463,35,142,499,696
2026-09-22 15:45:00,Zone_C,459,33,140,522,601
2026-09-22 15:55:00,Zone_C,501,31,144,478,650
2026-09-23 01:20:00,Zone_B,146,22,176,206,326
2026-09-23 12:40:00,Zone_C,622,31,143,442,578
2026-09-23 13:00:00,Zone_C,612,31,142,562,765
2026-09-23 14:10:00,Zone_C,517,30,141,563,749
2026-09-23 14:15:00,Zone_C,599,30,140,464,734
2026-09-23 15:25:00,Zone_C,615,32,141,530,657
2026-09-23 15:55:00,Zone_C,474,33,144,510,743
2026-09-23 17:25:00,Zone_B,850,28,161,727,1195
2026-09-23 18:35:00,Zone_C,984,31,140,843,1300
2026-09-24 14:55:00,Zone_C,602,32,142,494,685
2026-09-24 15:00:00,Zone_C,468,36,140,521,620
2026-09-24 16:00:00,Zone_E,183,27,192,285,397
2026-09-24 18:25:00,Zone_E,3203,31,80,752,1359
2026-09-24 20:15:00,Zone_C,1024,28,140,774,1174
2026-09-25 07:05:00,Zone_D,1135,29,160,572,1284
2026-09-25 12:40:00,Zone_C,617,35,141,530,789
2026-09-25 14:00:00,Zone_B,392,35,170,472,559
2026-09-25 14:15:00,Zone_C,533,31,141,445,635
2026-09-25 15:25:00,Zone_C,484,36,140,517,771
2026-09-25 18:25:00,Zone_C,1017,28,140,745,1304
2026-09-25 20:45:00,Zone_A,1078,28,147,767,1300
2026-09-26 06:35:00,Zone_A,157,24,143,281,134
2026-09-26 09:35:00,Zone_A,708,30,89,377,3071
2026-09-26 12:10:00,Zone_C,372,36,144,433,601
2026-09-26 12:30:00,Zone_C,443,31,140,430,563
2026-09-26 13:05:00,Zone_C,354,34,141,385,448
2026-09-26 13:40:00,Zone_C,346,31,144,479,576
2026-09-26 14:35:00,Zone_C,372,34,144,388,417
2026-09-26 14:40:00,Zone_C,350,35,140,450,600
2026-09-26 14:45:00,Zone_C,495,30,141,430,492
2026-09-27 12:05:00,Zone_C,372,35,144,431,615
2026-09-27 13:00:00,Zone_C,361,32,141,488,587
2026-09-27 13:10:00,Zone_C,346,30,144,417,617
2026-09-27 14:05:00,Zone_C,411,34,144,490,505
2026-09-27 15:30:00,Zone_C,452,35,141,444,619
2026-09-27 15:45:00,Zone_C,485,32,140,388,516
2026-09-28 12:50:00,Zone_C,434,32,141,501,673
2026-09-28 13:35:00,Zone_C,444,32,144,429,512
2026-09-28 14:50:00,Zone_C,491,34,140,574,610
2026-09-28 15:00:00,Zone_D,600,30,168,468,913
2026-09-29 05:35:00,Zone_A,242,27,145,270,271
2026-09-29 12:15:00,Zone_C,436,35,141,553,786
2026-09-29 13:20:00,Zone_A,487,32,146,440,643
2026-09-29 13:45:00,Zone_C,502,33,142,449,604
2026-09-29 14:50:00,Zone_C,501,34,142,553,555
2026-09-30 12:45:00,Zone_C,544,30,141,454,628
2026-09-30 14:45:00,Zone_C,477,34,140,468,618
2026-09-30 15:05:00,Zone_C,572,33,143,528,560
2026-10-01 08:35:00,Zone_B,654,26,83,449,3485
2026-10-01 11:30:00,Zone_E,204,27,58,241,2430
2026-10-01 12:15:00,Zone_C,447,35,144,552,545
2026-10-01 13:50:00,Zone_C,598,35,140,461,592
2026-10-01 14:05:00,Zone_C,528,34,144,448,786
2026-10-01 14:10:00,Zone_C,605,32,145,519,574
2026-10-01 14:15:00,Zone_C,495,36,144,482,642
2026-10-01 14:35:00,Zone_C,547,32,140,582,767
2026-10-01 14:40:00,Zone_C,517,31,141,471,638
2026-10-01 15:20:00,Zone_C,424,31,140,528,769
2026-10-01 15:45:00,Zone_C,535,32,144,552,582
2026-10-01 17:40:00,Zone_C,996,30,140,776,1361
2026-10-02 13:25:00,Zone_C,439,33,140,501,667
2026-10-02 13:30:00,Zone_C,578,35,142,483,586
2026-10-02 13:45:00,Zone_C,463,32,142,503,670
2026-10-02 15:10:00,Zone_C,529,30,141,552,540
2026-10-02 15:40:00,Zone_C,444,35,144,424,544
2026-10-03 15:05:00,Zone_C,409,30,141,428,475
2026-10-03 16:30:00,Zone_E,91,24,81,246,3468
2026-10-04 13:35:00,Zone_C,469,31,142,486,526
2026-10-04 14:25:00,Zone_C,392,35,141,504,529
2026-10-04 14:35:00,Zone_C,386,35,141,415,648
2026-10-04 15:00:00,Zone_C,413,30,144,388,563
2026-10-04 15:20:00,Zone_C,479,33,144,505,542
2026-10-04 15:35:00,Zone_C,510,31,140,431,562
2026-10-05 03:10:00,Zone_D,2576,22,80,264,398
2026-10-05 12:10:00,Zone_C,589,35,141,557,754
2026-10-05 12:15:00,Zone_C,579,30,145,491,737
2026-10-05 19:00:00,Zone_C,1006,28,140,648,1190
2026-10-05 19:40:00,Zone_D,1011,28,152,785,1249
2026-10-05 19:45:00,Zone_A,980,31,176,737,1371
2026-10-06 02:50:00,Zone_C,3382,23,93,291,329
2026-10-06 09:00:00,Zone_B,778,25,176,357,826
2026-10-06 15:35:00,Zone_C,597,36,145,555,659
2026-10-06 21:15:00,Zone_E,2722,24,76,207,386
2026-10-07 00:00:00,Zone_B,210,26,183,210,338
2026-10-07 07:05:00,Zone_D,948,25,104,435,2126
2026-10-07 10:50:00,Zone_A,159,24,64,252,2135
2026-10-07 14:05:00,Zone_C,513,36,140,434,754
2026-10-07 15:15:00,Zone_C,512,32,144,503,618
2026-10-07 15:30:00,Zone_A,566,35,198,456,729
2026-10-07 18:00:00,Zone_C,997,28,118,713,3226
2026-10-07 18:20:00,Zone_D,1162,30,188,772,1636
2026-10-07 18:45:00,Zone_C,987,32,140,728,1105
2026-10-08 11:35:00,Zone_B,3305,25,76,179,324
2026-10-08 12:15:00,Zone_C,575,32,142,472,528
2026-10-08 14:30:00,Zone_C,478,36,144,552,796
2026-10-08 14:40:00,Zone_C,442,36,144,523,547
2026-10-08 18:55:00,Zone_E,760,28,110,649,2222
2026-10-09 06:25:00,Zone_D,180,22,167,216,453
2026-10-09 14:00:00,Zone_C,438,30,144,451,544
2026-10-09 14:25:00,Zone_C,495,32,141,411,531
2026-10-09 15:30:00,Zone_C,481,32,140,497,532
2026-10-09 15:40:00,Zone_C,509,36,144,575,690
2026-10-10 02:25:00,Zone_E,3634,26,53,231,177
2026-10-10 13:00:00,Zone_C,427,36,144,502,414
2026-10-10 18:55:00,Zone_D,3958,32,88,722,1076
2026-10-11 12:00:00,Zone_C,358,31,144,485,435
2026-10-11 12:15:00,Zone_C,389,32,142,396,646
2026-10-11 12:50:00,Zone_C,513,36,142,428,489
2026-10-11 13:35:00,Zone_C,411,35,141,457,595
2026-10-11 15:00:00,Zone_C,474,33,140,478,566
2026-10-12 08:15:00,Zone_D,1096,29,108,578,2591
2026-10-12 12:50:00,Zone_E,408,31,153,422,529
2026-10-12 13:35:00,Zone_C,523,33,144,459,695
2026-10-12 14:30:00,Zone_C,526,32,144,431,542
2026-10-12 15:00:00,Zone_C,592,35,145,431,645
2026-10-12 15:20:00,Zone_C,552,35,142,455,740
2026-10-13 06:20:00,Zone_C,294,27,186,278,238
2026-10-13 12:35:00,Zone_C,627,30,142,552,642
2026-10-13 13:30:00,Zone_C,490,34,141,506,626
2026-10-13 13:55:00,Zone_C,505,34,140,558,608
2026-10-13 15:05:00,Zone_C,462,36,140,545,651
2026-10-13 15:55:00,Zone_C,557,36,142,470,670
2026-10-13 18:05:00,Zone_C,1030,32,140,752,911
2026-10-14 02:25:00,Zone_A,233,22,65,271,2076
2026-10-14 12:30:00,Zone_C,429,31,141,460,706
2026-10-14 14:25:00,Zone_C,517,36,140,422,608
2026-10-14 14:30:00,Zone_C,492,32,141,565,782
2026-10-14 15:40:00,Zone_C,441,31,142,446,738
2026-10-15 01:10:00,Zone_E,153,26,179,274,359
2026-10-15 10:55:00,Zone_C,274,26,199,296,227
2026-10-15 12:40:00,Zone_C,596,32,141,492,783
2026-10-15 13:25:00,Zone_C,624,30,146,573,735
2026-10-15 14:10:00,Zone_C,541,30,144,540,578
2026-10-15 14:20:00,Zone_C,573,35,142,441,797
2026-10-15 15:30:00,Zone_C,462,32,144,440,663
2026-10-15 15:40:00,Zone_C,619,30,141,468,643
2026-10-15 15:45:00,Zone_C,620,31,146,555,523
2026-10-15 17:35:00,Zone_C,1030,30,140,760,1154
2026-10-15 19:10:00,Zone_C,992,31,140,652,1334
2026-10-16 12:15:00,Zone_C,588,32,143,571,748
2026-10-16 12:40:00,Zone_C,429,32,141,451,609
2026-10-16 13:25:00,Zone_C,607,33,143,459,505
2026-10-16 14:50:00,Zone_C,453,33,142,483,711
2026-10-16 15:15:00,Zone_C,505,36,144,446,527
2026-10-16 15:30:00,Zone_C,445,36,140,579,660
2026-10-16 15:50:00,Zone_C,493,33,144,512,599
2026-10-16 22:05:00,Zone_D,138,22,83,281,3021
2026-10-17 00:35:00,Zone_E,219,23,74,171,2015
2026-10-17 13:50:00,Zone_C,424,36,141,410,481
2026-10-17 14:35:00,Zone_C,410,34,140,511,567
2026-10-17 14:45:00,Zone_C,489,30,141,499,481
2026-10-17 20:40:00,Zone_D,864,32,105,614,2309
2026-10-18 12:20:00,Zone_C,397,31,144,454,447
2026-10-18 13:00:00,Zone_C,416,31,142,392,479
2026-10-18 13:05:00,Zone_C,353,36,144,403,647
2026-10-18 14:05:00,Zone_C,416,32,140,461,619
2026-10-18 14:50:00,Zone_C,431,35,140,472,480
2026-10-18 15:40:00,Zone_C,358,31,140,436,415
2026-10-18 16:50:00,Zone_C,227,26,61,181,2137
2026-10-18 21:35:00,Zone_A,3161,22,55,212,230
2026-10-19 00:25:00,Zone_D,150,24,72,223,3064
2026-10-19 02:00:00,Zone_B,153,23,192,287,328
2026-10-19 12:40:00,Zone_C,539,33,144,456,660
2026-10-19 13:55:00,Zone_C,443,35,141,447,504
2026-10-19 14:15:00,Zone_C,447,31,157,445,674
2026-10-19 14:50:00,Zone_C,525,36,144,573,782
2026-10-19 14:55:00,Zone_C,471,32,144,414,550
2026-10-19 15:15:00,Zone_C,526,30,142,494,738
2026-10-20 08:00:00,Zone_C,870,30,115,534,2328
2026-10-20 12:20:00,Zone_C,610,34,142,501,574
2026-10-21 03:45:00,Zone_D,222,26,86,273,2427
2026-10-21 20:05:00,Zone_B,776,32,101,691,2364
2026-10-22 05:40:00,Zone_D,145,23,160,257,260
2026-10-22 12:20:00,Zone_B,430,35,69,455,2252
2026-10-22 12:50:00,Zone_C,596,36,143,556,717
2026-10-22 14:10:00,Zone_C,444,33,144,530,690
2026-10-22 15:30:00,Zone_C,535,30,141,548,567
2026-10-23 04:10:00,Zone_D,241,26,69,315,2034
2026-10-23 13:10:00,Zone_C,515,33,142,530,763
2026-10-23 14:25:00,Zone_C,617,31,143,416,546
2026-10-23 14:35:00,Zone_C,597,33,141,496,684
2026-10-23 15:20:00,Zone_C,548,34,141,506,579
2026-10-23 15:40:00,Zone_C,538,31,142,591,763
2026-10-23 15:50:00,Zone_C,599,36,140,460,694
2026-10-23 17:25:00,Zone_B,3576,27,84,521,979
2026-10-24 00:50:00,Zone_C,180,26,79,230,2918
2026-10-24 09:25:00,Zone_D,940,29,90,379,2544
2026-10-24 12:30:00,Zone_C,357,33,129,384,2871
2026-10-24 13:00:00,Zone_C,359,32,142,525,610
2026-10-24 15:30:00,Zone_C,489,30,140,461,467
2026-10-24 17:30:00,Zone_E,758,31,87,521,3115
2026-10-24 23:40:00,Zone_B,76,27,179,243,92
2026-10-25 05:00:00,Zone_C,164,23,60,295,2595
2026-10-25 12:25:00,Zone_C,430,31,140,450,476
2026-10-25 12:35:00,Zone_C,478,33,141,495,451
2026-10-25 13:35:00,Zone_C,495,32,144,480,511
2026-10-25 14:20:00,Zone_C,485,33,141,451,432
2026-10-26 12:05:00,Zone_C,615,33,141,518,783
2026-10-26 12:10:00,Zone_C,627,32,140,424,523
2026-10-26 12:45:00,Zone_C,443,36,142,428,593
2026-10-26 15:05:00,Zone_C,438,33,141,455,608
2026-10-26 15:10:00,Zone_C,615,32,143,457,713
2026-10-26 15:15:00,Zone_C,604,35,142,560,652
2026-10-26 17:40:00,Zone_B,711,31,199,533,940
2026-10-26 18:30:00,Zone_C,1024,32,140,770,1364
2026-10-27 03:25:00,Zone_E,184,26,187,287,175
2026-10-27 12:05:00,Zone_C,448,32,141,477,545
2026-10-28 13:30:00,Zone_C,501,35,140,484,672
2026-10-28 13:45:00,Zone_C,569,31,145,528,715
2026-10-28 14:45:00,Zone_C,574,34,143,471,545
2026-10-28 15:00:00,Zone_C,554,33,140,494,606
2026-10-29 12:10:00,Zone_D,3941,34,127,485,936
2026-10-29 14:35:00,Zone_C,486,31,140,468,676
2026-10-29 15:10:00,Zone_C,609,31,142,520,629
2026-10-29 15:20:00,Zone_C,575,33,142,524,610
2026-10-29 15:25:00,Zone_C,475,35,144,485,565
2026-10-29 15:40:00,Zone_D,587,32,78,477,2101
2026-10-30 12:20:00,Zone_C,628,30,142,567,729
2026-10-30 14:00:00,Zone_C,434,34,141,417,500
2026-10-30 14:10:00,Zone_C,422,36,142,442,684
2026-10-30 14:30:00,Zone_C,583,36,140,527,691
2026-10-30 15:20:00,Zone_C,479,34,140,467,504
2026-10-30 18:15:00,Zone_C,983,29,140,762,959
2026-10-30 20:30:00,Zone_B,842,32,89,713,2186
2026-10-31 06:30:00,Zone_B,3342,24,58,211,219
2026-10-31 12:10:00,Zone_C,457,32,141,452,464
2026-10-31 12:15:00,Zone_C,384,32,140,443,545
2026-10-31 13:15:00,Zone_C,479,36,142,431,516
2026-10-31 13:30:00,Zone_C,435,36,144,430,615
2026-11-01 09:25:00,Zone_B,572,26,70,343,2461
2026-11-01 12:10:00,Zone_C,349,34,140,423,544
2026-11-01 12:20:00,Zone_C,452,34,141,457,653
2026-11-01 14:10:00,Zone_C,406,29,144,405,559
2026-11-01 14:35:00,Zone_C,388,29,142,463,562
2026-11-02 10:40:00,Zone_E,3113,26,57,254,252
2026-11-02 12:25:00,Zone_C,444,30,140,459,521
2026-11-02 12:35:00,Zone_C,538,34,142,518,633
2026-11-02 12:50:00,Zone_C,532,35,140,482,530
2026-11-02 12:50:00,Zone_D,645,34,145,528,796
2026-11-02 14:40:00,Zone_C,512,29,141,444,588
2026-11-02 18:05:00,Zone_E,806,28,172,621,972
2026-11-03 13:05:00,Zone_C,474,32,144,503,669
2026-11-03 13:45:00,Zone_C,546,34,142,504,577
2026-11-03 14:40:00,Zone_C,558,35,144,579,710
2026-11-04 13:05:00,Zone_C,513,34,144,546,638
2026-11-04 14:00:00,Zone_C,541,29,144,500,757
2026-11-04 15:05:00,Zone_C,451,33,144,441,716
2026-11-04 15:30:00,Zone_C,495,30,140,559,642
2026-11-05 04:05:00,Zone_B,146,25,54,210,2548
2026-11-05 05:40:00,Zone_A,312,23,144,199,126
2026-11-05 09:25:00,Zone_A,980,24,142,424,1069
2026-11-05 12:00:00,Zone_C,469,35,144,472,698
2026-11-05 12:20:00,Zone_C,428,33,142,452,797
2026-11-05 13:10:00,Zone_C,540,29,144,523,752
2026-11-05 13:20:00,Zone_C,613,34,145,457,535
2026-11-05 13:30:00,Zone_C,522,31,144,541,645
2026-11-05 15:15:00,Zone_C,442,30,142,434,641
2026-11-05 15:40:00,Zone_C,620,35,142,517,585
2026-11-06 13:05:00,Zone_C,611,33,145,458,568
2026-11-06 14:00:00,Zone_C,499,30,140,568,659
2026-11-06 14:15:00,Zone_C,454,34,140,439,626
2026-11-06 14:25:00,Zone_C,590,34,143,540,767
2026-11-06 14:55:00,Zone_C,600,32,143,429,623
2026-11-06 15:05:00,Zone_C,445,31,140,455,799
2026-11-06 15:10:00,Zone_D,506,29,175,445,721
2026-11-06 21:35:00,Zone_D,287,22,86,303,2797
2026-11-06 22:10:00,Zone_A,278,22,58,194,3035
2026-11-06 22:15:00,Zone_E,132,24,55,188,2999
2026-11-07 12:05:00,Zone_C,489,30,142,409,446
2026-11-07 14:00:00,Zone_A,3643,35,92,465,698
2026-11-07 14:05:00,Zone_C,406,31,144,454,601
2026-11-07 15:20:00,Zone_C,379,35,140,387,501
2026-11-08 12:35:00,Zone_C,393,29,141,406,580
2026-11-08 12:40:00,Zone_C,470,33,141,482,473
2026-11-08 15:00:00,Zone_C,387,35,140,499,567
2026-11-08 15:25:00,Zone_C,425,34,144,466,439
2026-11-08 15:55:00,Zone_C,444,31,144,383,437
2026-11-09 12:05:00,Zone_C,616,33,145,507,707
2026-11-09 12:45:00,Zone_C,585,32,142,587,725
2026-11-09 13:00:00,Zone_B,377,32,183,469,583
2026-11-09 13:00:00,Zone_C,588,31,142,448,590
2026-11-09 13:25:00,Zone_C,512,31,144,528,759
2026-11-09 13:40:00,Zone_C,589,34,140,479,632
2026-11-09 15:25:00,Zone_D,618,29,164,555,746
2026-11-10 03:50:00,Zone_B,133,24,64,200,2522
2026-11-10 12:50:00,Zone_C,498,35,142,527,544
2026-11-10 13:05:00,Zone_C,485,32,144,510,687
2026-11-10 14:50:00,Zone_C,499,33,142,569,613
2026-11-10 15:05:00,Zone_C,513,35,142,510,605
2026-11-10 18:15:00,Zone_C,1018,31,140,781,903
2026-11-10 18:50:00,Zone_E,827,29,113,786,2652
2026-11-11 12:30:00,Zone_C,588,34,145,552,718
2026-11-12 12:15:00,Zone_C,598,34,141,516,586
2026-11-12 12:25:00,Zone_C,604,32,142,549,671
2026-11-12 12:55:00,Zone_C,595,29,140,540,618
2026-11-12 13:30:00,Zone_C,603,29,143,509,759
2026-11-12 13:35:00,Zone_C,594,29,145,549,615
2026-11-12 14:10:00,Zone_C,540,31,144,462,706
2026-11-12 15:25:00,Zone_C,523,34,141,537,586
2026-11-12 20:15:00,Zone_C,1050,28,141,621,1222
2026-11-13 12:15:00,Zone_C,533,34,140,474,666
2026-11-13 14:35:00,Zone_C,582,33,187,531,591
2026-11-13 14:55:00,Zone_C,593,30,143,475,562
2026-11-13 15:00:00,Zone_C,536,32,141,505,575
2026-11-13 15:35:00,Zone_C,438,33,141,465,626
2026-11-14 13:00:00,Zone_C,370,35,140,470,473
2026-11-14 13:15:00,Zone_C,359,30,140,497,556
2026-11-14 15:10:00,Zone_C,427,30,140,462,442
2026-11-15 01:15:00,Zone_E,211,26,52,200,2905
2026-11-15 07:30:00,Zone_B,595,24,66,401,3258
2026-11-15 12:10:00,Zone_C,374,30,142,427,615
2026-11-15 12:20:00,Zone_C,407,33,142,485,621
2026-11-15 14:20:00,Zone_C,486,29,141,533,642
2026-11-15 15:20:00,Zone_C,489,31,141,496,429
2026-11-16 04:20:00,Zone_A,284,26,164,307,414
2026-11-16 14:40:00,Zone_C,568,35,140,568,738
2026-11-16 15:10:00,Zone_C,429,30,140,513,690
2026-11-16 15:20:00,Zone_C,494,31,142,481,693
2026-11-17 12:10:00,Zone_C,577,29,142,412,530
2026-11-17 12:30:00,Zone_C,620,31,141,524,587
2026-11-17 13:00:00,Zone_C,610,29,143,515,631
2026-11-17 14:25:00,Zone_C,590,29,142,578,740
2026-11-17 14:35:00,Zone_C,517,34,149,549,657
2026-11-17 15:10:00,Zone_C,474,35,141,431,566
2026-11-17 20:45:00,Zone_C,3599,30,134,741,1040
2026-11-18 06:10:00,Zone_A,3562,21,79,211,289
2026-11-18 13:40:00,Zone_C,485,30,140,566,553
2026-11-18 14:20:00,Zone_C,575,34,142,569,766
2026-11-18 14:30:00,Zone_C,445,33,144,451,581
2026-11-18 14:55:00,Zone_C,583,30,141,472,660
2026-11-18 17:30:00,Zone_C,1027,28,140,758,1097
2026-11-18 18:25:00,Zone_C,1018,29,140,743,953
2026-11-19 02:15:00,Zone_D,220,22,60,304,2036
2026-11-19 07:35:00,Zone_A,2739,26,97,484,1268
2026-11-19 13:40:00,Zone_C,598,32,142,565,604
2026-11-19 14:45:00,Zone_C,505,32,141,529,622
2026-11-19 15:50:00,Zone_C,613,29,145,524,724
2026-11-20 11:05:00,Zone_E,149,21,78,271,2375
2026-11-20 11:30:00,Zone_D,3967,21,74,256,477
2026-11-20 12:05:00,Zone_C,615,30,140,550,733
2026-11-20 13:15:00,Zone_C,627,31,141,436,594
2026-11-20 13:50:00,Zone_C,581,32,145,447,765
2026-11-20 14:10:00,Zone_C,452,35,141,437,707
2026-11-20 14:15:00,Zone_C,455,33,142,466,513
2026-11-20 14:55:00,Zone_C,591,35,142,473,740
2026-11-20 19:35:00,Zone_C,1041,27,141,837,1232
2026-11-20 20:15:00,Zone_C,1037,28,140,735,1113
2026-11-20 20:45:00,Zone_C,1008,27,140,778,1057
2026-11-21 12:00:00,Zone_C,514,35,144,457,580
2026-11-21 12:20:00,Zone_C,389,35,141,475,530
2026-11-21 13:15:00,Zone_C,359,35,140,468,567
2026-11-21 14:00:00,Zone_C,498,35,142,389,648
2026-11-21 14:20:00,Zone_A,3290,31,74,480,555
2026-11-21 14:25:00,Zone_C,510,33,142,517,558
2026-11-21 23:40:00,Zone_C,188,24,156,273,259
2026-11-22 13:55:00,Zone_C,495,29,141,457,628
2026-11-22 14:00:00,Zone_C,348,31,140,406,448
2026-11-22 14:05:00,Zone_C,410,34,140,487,453
2026-11-22 15:25:00,Zone_C,360,31,140,477,500
2026-11-23 00:35:00,Zone_A,323,24,166,273,309
2026-11-23 13:40:00,Zone_C,578,33,145,579,708
2026-11-23 14:15:00,Zone_C,537,33,142,495,552
2026-11-23 14:30:00,Zone_C,546,29,141,504,570
2026-11-23 15:20:00,Zone_C,617,31,141,478,701
2026-11-23 15:50:00,Zone_C,553,30,144,485,750
2026-11-23 17:15:00,Zone_C,1021,27,140,800,1258
2026-11-24 00:30:00,Zone_A,3540,22,87,189,304
2026-11-24 00:40:00,Zone_C,2985,22,75,224,187
2026-11-24 12:05:00,Zone_C,578,35,142,579,741
2026-11-24 13:30:00,Zone_C,452,32,140,441,606
2026-11-24 13:50:00,Zone_C,424,29,141,531,566
2026-11-24 15:15:00,Zone_C,448,32,140,578,652
2026-11-24 17:25:00,Zone_C,1026,26,140,713,929
2026-11-24 18:30:00,Zone_C,989,27,140,728,942
2026-11-24 18:35:00,Zone_C,1045,31,141,708,920
2026-11-24 21:00:00,Zone_E,125,22,157,192,269
2026-11-24 23:25:00,Zone_D,2853,25,64,303,343
2026-11-25 12:40:00,Zone_C,530,35,141,562,630
2026-11-25 14:15:00,Zone_C,607,30,145,494,556
2026-11-26 08:25:00,Zone_B,726,27,170,467,951
2026-11-26 08:30:00,Zone_E,852,28,174,437,959
2026-11-26 14:30:00,Zone_C,619,34,140,458,788
2026-11-26 23:40:00,Zone_D,233,24,193,221,220
2026-11-27 12:45:00,Zone_C,501,33,141,413,510
2026-11-27 14:00:00,Zone_C,604,34,145,484,622
2026-11-27 14:40:00,Zone_C,473,32,142,496,534
2026-11-27 15:15:00,Zone_C,563,34,141,503,796
2026-11-27 17:55:00,Zone_C,972,29,130,737,3260
2026-11-28 12:20:00,Zone_C,449,30,140,422,547
2026-11-28 12:35:00,Zone_C,388,34,140,529,611
2026-11-28 13:20:00,Zone_C,470,29,140,405,497
2026-11-28 13:25:00,Zone_C,353,31,140,398,649
2026-11-28 13:30:00,Zone_C,405,31,140,391,466
2026-11-28 13:35:00,Zone_C,515,34,142,458,538
2026-11-28 14:20:00,Zone_C,495,29,140,461,560
2026-11-28 14:30:00,Zone_C,501,34,144,449,593
2026-11-28 15:45:00,Zone_C,495,29,144,532,642
2026-11-29 02:35:00,Zone_E,79,23,179,251,113
2026-11-29 12:50:00,Zone_C,494,32,142,438,487
2026-11-29 13:10:00,Zone_C,500,32,140,459,533
2026-11-29 13:20:00,Zone_C,495,34,140,430,612
2026-11-29 14:50:00,Zone_C,502,32,142,386,413
2026-11-29 15:15:00,Zone_C,495,29,140,418,617
2026-11-29 15:55:00,Zone_C,415,33,140,433,537
2026-11-29 21:30:00,Zone_A,188,24,188,265,206
2026-11-30 12:55:00,Zone_C,527,33,144,485,543
2026-11-30 13:05:00,Zone_C,464,29,142,449,725
2026-11-30 15:30:00,Zone_C,630,29,142,595,758
2026-11-30 17:20:00,Zone_C,1038,29,140,761,1363
2026-11-30 18:30:00,Zone_C,1010,28,140,749,1017
2026-12-01 04:35:00,Zone_A,290,22,65,201,2623
2026-12-01 12:15:00,Zone_C,580,33,140,418,555
2026-12-01 13:10:00,Zone_C,609,31,143,470,500
2026-12-01 14:40:00,Zone_D,3527,32,110,586,726
2026-12-01 15:10:00,Zone_C,468,28,141,469,624
2026-12-01 15:55:00,Zone_C,432,31,142,463,588
2026-12-01 20:50:00,Zone_C,984,27,140,765,988
2026-12-02 07:00:00,Zone_B,745,23,150,465,1039
2026-12-02 08:40:00,Zone_E,3543,23,96,400,844
2026-12-02 12:15:00,Zone_C,613,30,141,471,689
2026-12-02 12:20:00,Zone_C,502,29,141,558,569
2026-12-02 13:00:00,Zone_C,471,28,141,497,527
2026-12-02 13:15:00,Zone_C,463,28,140,514,628
2026-12-02 14:05:00,Zone_C,599,28,141,509,521
2026-12-02 14:15:00,Zone_A,491,34,142,541,668
2026-12-03 12:00:00,Zone_C,449,28,141,413,553
2026-12-03 13:00:00,Zone_C,449,33,142,443,603
2026-12-03 14:15:00,Zone_C,625,31,142,538,561
2026-12-04 12:50:00,Zone_C,561,34,142,465,787
2026-12-04 13:10:00,Zone_C,547,33,142,560,549
2026-12-04 14:30:00,Zone_C,573,33,140,590,757
2026-12-04 14:40:00,Zone_C,630,31,144,560,685
2026-12-04 14:55:00,Zone_C,597,33,145,562,795
2026-12-04 15:35:00,Zone_C,600,29,145,457,681
2026-12-05 04:25:00,Zone_B,162,25,140,247,138
2026-12-05 12:00:00,Zone_C,384,33,144,437,523
2026-12-05 12:10:00,Zone_C,371,30,142,387,567
2026-12-05 12:55:00,Zone_C,515,32,140,420,610
2026-12-05 14:20:00,Zone_C,512,33,144,507,508
2026-12-05 14:45:00,Zone_E,2946,31,113,420,583
2026-12-05 15:45:00,Zone_C,451,30,140,460,653
2026-12-06 04:05:00,Zone_C,179,25,169,210,86
2026-12-06 12:25:00,Zone_C,435,34,144,513,514
2026-12-06 13:55:00,Zone_C,479,33,141,421,445
2026-12-06 14:05:00,Zone_C,506,29,141,474,545
2026-12-06 15:00:00,Zone_C,350,30,140,375,459
2026-12-07 12:35:00,Zone_C,606,28,143,489,779
2026-12-07 13:30:00,Zone_C,530,29,142,552,565
2026-12-07 14:00:00,Zone_C,623,28,144,535,734
2026-12-07 14:50:00,Zone_C,548,29,140,526,505
2026-12-07 15:15:00,Zone_C,510,28,141,542,605
2026-12-08 11:40:00,Zone_B,210,20,198,243,302
2026-12-08 13:00:00,Zone_C,471,32,142,528,564
2026-12-08 13:55:00,Zone_C,620,31,143,514,711
2026-12-09 05:55:00,Zone_A,248,20,156,190,170
2026-12-09 14:00:00,Zone_C,602,33,143,578,636
2026-12-09 21:00:00,Zone_D,320,21,178,283,471
2026-12-10 12:15:00,Zone_C,423,29,144,569,588
2026-12-10 13:15:00,Zone_C,479,28,144,513,684
2026-12-10 13:35:00,Zone_B,3519,28,64,463,494
2026-12-10 14:20:00,Zone_C,565,34,142,578,715
2026-12-10 15:10:00,Zone_C,504,32,141,435,501
2026-12-10 15:15:00,Zone_C,487,34,142,420,517
2026-12-11 01:50:00,Zone_C,257,23,183,233,285
2026-12-11 12:40:00,Zone_C,431,28,142,543,713
2026-12-11 13:05:00,Zone_C,613,30,143,463,775
2026-12-11 13:55:00,Zone_C,463,30,141,454,789
2026-12-11 14:40:00,Zone_C,516,32,142,505,623
2026-12-11 15:00:00,Zone_C,435,28,144,536,711
2026-12-11 15:10:00,Zone_C,571,30,142,472,705
2026-12-11 22:00:00,Zone_D,283,25,142,285,259
2026-12-11 23:50:00,Zone_D,291,22,170,222,296
2026-12-12 11:30:00,Zone_C,139,23,84,272,3290
2026-12-12 13:30:00,Zone_C,414,31,142,472,412
2026-12-12 14:05:00,Zone_C,432,28,144,495,534
2026-12-12 14:40:00,Zone_C,499,33,141,389,491
2026-12-12 14:45:00,Zone_C,498,30,142,393,448
2026-12-12 15:15:00,Zone_C,458,34,142,383,431
2026-12-14 02:05:00,Zone_D,243,22,88,243,3199
2026-12-14 07:35:00,Zone_A,1089,24,175,526,938
2026-12-14 09:25:00,Zone_D,952,24,104,471,2802
2026-12-14 13:10:00,Zone_C,626,32,142,576,661
2026-12-14 13:20:00,Zone_C,602,31,142,535,724
2026-12-14 13:35:00,Zone_C,613,31,140,433,561
2026-12-14 14:05:00,Zone_C,609,32,141,489,541
2026-12-14 15:20:00,Zone_C,540,34,141,554,539
2026-12-15 02:40:00,Zone_A,118,21,85,251,2584
2026-12-15 12:00:00,Zone_C,449,31,144,509,645
2026-12-15 12:25:00,Zone_C,565,28,143,461,770
2026-12-15 13:20:00,Zone_C,479,30,144,503,655
2026-12-15 15:50:00,Zone_C,519,29,140,484,795
2026-12-15 18:05:00,Zone_C,3710,30,135,831,1189
2026-12-16 02:20:00,Zone_C,3521,21,68,264,373
2026-12-16 12:10:00,Zone_C,577,29,140,586,770
2026-12-16 13:15:00,Zone_C,542,34,142,542,676
2026-12-16 13:40:00,Zone_C,426,34,140,601,783
2026-12-16 14:00:00,Zone_C,568,32,145,542,657
2026-12-16 14:45:00,Zone_C,591,29,140,564,763
2026-12-16 14:55:00,Zone_C,581,33,143,530,724
2026-12-16 15:30:00,Zone_C,628,34,146,579,657
2026-12-16 18:35:00,Zone_C,1036,28,140,702,1085
2026-12-16 19:25:00,Zone_C,1017,29,140,789,925
2026-12-17 05:30:00,Zone_E,3424,21,52,261,125
2026-12-17 12:00:00,Zone_C,462,34,144,560,742
2026-12-17 12:05:00,Zone_C,513,33,142,508,675
2026-12-17 13:30:00,Zone_C,611,32,143,444,567
2026-12-17 14:20:00,Zone_C,502,28,140,564,689
2026-12-17 15:45:00,Zone_C,585,32,140,535,649
2026-12-17 19:40:00,Zone_D,1021,28,119,817,2035
2026-12-18 02:35:00,Zone_A,294,25,155,245,121
2026-12-18 14:10:00,Zone_C,614,30,141,483,603
2026-12-18 15:35:00,Zone_C,570,33,145,431,683
2026-12-18 20:30:00,Zone_C,1044,28,141,732,1289
2026-12-18 23:30:00,Zone_B,209,22,80,181,3199
2026-12-19 10:00:00,Zone_D,189,20,196,237,149
2026-12-19 12:25:00,Zone_C,463,31,144,448,642
2026-12-19 12:50:00,Zone_C,417,28,141,468,532
2026-12-19 15:30:00,Zone_B,326,32,104,381,2963
2026-12-20 13:25:00,Zone_C,364,33,142,480,607
2026-12-20 14:05:00,Zone_C,442,29,144,478,648
2026-12-21 12:50:00,Zone_C,561,28,140,553,676
2026-12-21 17:30:00,Zone_E,2513,29,91,624,911
2026-12-21 18:25:00,Zone_C,1034,26,140,737,1362
2026-12-21 20:50:00,Zone_E,870,30,74,758,3315
2026-12-22 01:15:00,Zone_C,162,23,164,266,258
2026-12-22 12:25:00,Zone_C,483,30,141,499,734
2026-12-22 13:45:00,Zone_C,480,34,140,565,627
2026-12-22 14:55:00,Zone_C,562,30,143,583,689
2026-12-22 15:45:00,Zone_C,589,34,140,430,550
2026-12-22 23:10:00,Zone_A,2565,21,66,261,337
2026-12-23 00:25:00,Zone_B,207,21,195,164,269
2026-12-23 13:05:00,Zone_C,569,32,141,455,631
2026-12-23 13:25:00,Zone_C,622,34,144,451,772
2026-12-23 15:40:00,Zone_C,517,32,141,555,700
2026-12-23 16:20:00,Zone_D,3631,24,61,258,315
2026-12-23 17:20:00,Zone_B,3164,27,67,545,927
2026-12-24 02:55:00,Zone_A,2788,20,64,268,418
2026-12-24 11:30:00,Zone_A,311,20,88,215,2893
2026-12-24 12:20:00,Zone_D,622,34,130,574,2697
2026-12-24 12:40:00,Zone_C,549,28,140,507,646
2026-12-24 13:25:00,Zone_C,538,29,141,521,572
2026-12-25 07:05:00,Zone_B,660,24,68,407,2354
2026-12-25 11:25:00,Zone_D,3585,25,73,274,446
2026-12-25 12:00:00,Zone_D,578,30,120,474,2299
2026-12-25 12:55:00,Zone_C,442,30,140,463,623
2026-12-25 13:00:00,Zone_C,595,29,140,498,582
2026-12-25 14:25:00,Zone_C,437,28,142,492,662
2026-12-25 14:45:00,Zone_C,438,28,141,522,674
2026-12-25 19:55:00,Zone_C,893,28,143,775,946
2026-12-25 23:20:00,Zone_E,3918,24,65,220,156
2026-12-26 12:50:00,Zone_E,344,32,187,431,437
2026-12-26 12:55:00,Zone_C,401,30,144,413,449
2026-12-27 12:30:00,Zone_E,366,34,91,418,3033
2026-12-27 13:40:00,Zone_A,2910,32,88,390,580
2026-12-27 15:45:00,Zone_C,489,31,141,471,535
2026-12-28 08:10:00,Zone_C,909,25,117,522,3468
2026-12-28 13:40:00,Zone_C,515,34,140,550,756
2026-12-28 13:55:00,Zone_C,479,34,141,520,537
2026-12-28 14:25:00,Zone_C,501,30,144,491,641
2026-12-28 14:55:00,Zone_C,621,28,142,413,509
2026-12-28 15:10:00,Zone_C,546,29,140,468,782
2026-12-29 02:25:00,Zone_C,309,24,177,194,244
2026-12-29 09:35:00,Zone_E,900,26,195,499,920
2026-12-29 12:20:00,Zone_C,427,30,142,506,762
2026-12-29 13:20:00,Zone_C,625,32,144,460,707
2026-12-29 15:05:00,Zone_C,468,32,142,456,745
2026-12-29 15:20:00,Zone_A,512,30,141,437,770
2026-12-29 15:25:00,Zone_C,610,32,140,495,641
2026-12-29 15:45:00,Zone_C,487,29,141,454,565
2026-12-29 15:55:00,Zone_C,447,33,144,445,797
2026-12-30 07:00:00,Zone_A,2663,25,105,384,918
2026-12-30 12:10:00,Zone_C,476,28,141,542,663
2026-12-30 13:20:00,Zone_C,480,31,140,445,716
2026-12-30 15:00:00,Zone_C,533,32,144,535,500
2026-12-30 17:20:00,Zone_C,1008,29,140,624,1095
2026-12-31 14:25:00,Zone_C,531,30,140,601,774
2026-12-31 14:45:00,Zone_C,514,30,140,440,504
2026-12-31 15:50:00,Zone_C,572,34,141,409,515
